OFFICE_LOC,LOC,NAME,HOMEPAGE,ESTABLISHMENT,GENDER,ZIP_CODE,ADDRESS,TEL, 1G_CLA , 2G_CLA , 3G_CLA , SPECIAL_CLA , CLA_SUM , 1G_STU , 1G_STU_EMPTY , 2G_STU , 2G_STU_EMPTY , 3G_STU , 3G_STU_EMPTY , STU_SUM , STU_EMPTY_SUM , AVG , T_NUM , T_EMPTY , T_REGULAR_NYM , T_REGULAR_EMPTY , T_TERM_NUM , T_TERM_EMPTY , EMP_NUM , EMP_EMPTY , CLASS_NUM 
동부,동대문구,동대문중학교,http://dongdaemun.ms.kr, 공립 , 공학 ,2553," 서울특별시 동대문구 사가정로 59 , 동대문중학교 (전농동) ",234074231,8,7,8,2,25,201,117,159,73,182,93,542,283,21.7,49,36,42,32,7,4,5,2,42
동부,중랑구,동원중학교,http://www.tongwon.ms.kr, 공립 , 공학 ,2062," 서울특별시 중랑구 양원역로 32 (망우동, 동원중학교) ",24938129,5,5,5, - ,15,107,31,102,21,110,18,319,70,21.3,34,24,29,21,5,3,4,3,40
동부,중랑구,면목중학교,http://www.myonmok.ms.kr, 공립 , 공학 ,2193," 서울특별시 중랑구 용마산로70길 37 , 면목중학교 (면목동) ",24370278,8,7,8,1,24,185,66,169,59,198,74,552,199,23,50,39,42,32,8,7,3,1,47
동부,중랑구,봉화중학교,http://www.ibonghwa.ms.kr, 공립 , 공학 ,2179," 서울특별시 중랑구 망우로70길 89 (망우동,봉화중학교) ",24333180,5,5,5,2,17,125,36,96,18,112,19,333,73,19.6,34,24,31,22,3,2,4,1,35
동부,중랑구,상봉중학교,http://www.sangbong.ms.kr, 공립 , 공학 ,2081, 서울특별시 중랑구 상봉중앙로8나길 28 (상봉동) ,24364452,9,9,10,1,29,204,94,221,103,278,135,703,332,24.2,57,39,48,33,9,6,3,3,37
동부,동대문구,성일중학교,http://sungil.ms.kr, 공립 , 공학 ,2575, 서울특별시 동대문구 왕산로23길 55 (제기동) ,29260211,5,5,5,1,16,98,40,97,31,106,36,301,107,18.8,36,27,32,23,4,4,4,3,34
동부,동대문구,숭인중학교,http://www.soongin.ms.kr, 공립 , 공학 ,2592," 서울특별시 동대문구 천호대로47길 34 (답십리동, 숭인중학교) ",222150176,6,5,5,2,18,124,65,117,50,117,64,358,179,19.9,37,27,30,22,7,5,3,1,32
동부,중랑구,신현중학교,http://sinhyeon.ms.kr, 공립 , 공학 ,2075," 서울특별시 중랑구 봉화산로 162 , 신현중학교 (상봉동) ",234210631,9,9,9,2,29,218,104,217,111,250,124,685,339,23.6,52,39,49,37,3,2,3,3,42
동부,중랑구,용마중학교,http://yongma.ms.kr, 공립 , 공학 ,2254," 서울특별시 중랑구 면목로28길 18 , 용마중학교 (면목동) ",24396220,8,7,7,2,24,201,89,148,52,179,83,528,224,22,46,31,35,23,11,8,4,3,37
동부,중랑구,원묵중학교,http://wonmook.ms.kr, 공립 , 공학 ,2022," 서울특별시 중랑구 신내로23길 57 , 원묵중학교 (묵동) ",220949807,12,11,11, - ,34,316,143,311,147,330,181,957,471,28.1,67,49,56,41,11,8,2,1,51
동부,중랑구,장안중학교,http://www.jangan70.ms.kr, 공립 , 공학 ,2088," 서울특별시 중랑구 동일로 780 , 장안중학교 (중화동) ",269303300,7,6,6,3,22,175,46,155,49,149,57,479,152,21.8,42,32,36,26,6,6,4,4,37
동부,동대문구,장평중학교,http://www.jangpyung.ms.kr, 공립 , 공학 ,2640," 서울특별시 동대문구 답십리로72길 158 , 장평중학교 (장안동) ",222438282,9,9,9,1,28,234,125,238,119,239,135,711,379,25.4,53,41,43,33,10,8,5,1,44
동부,동대문구,전농중학교,http://www.jeonnong.ms.kr, 공립 , 공학 ,2506," 서울특별시 동대문구 사가정로13길 71 (전농동,전농중학교) ",222426652,7,6,7, - ,20,159,79,138,68,184,91,481,238,24.1,41,31,33,25,8,6,2,2,36
동부,동대문구,전동중학교,http://www.jeondong.ms.kr, 공립 , 공학 ,2511," 서울특별시 동대문구 장안벚꽃로 291 (휘경동,전동중학교) ",222129266,6,6,6,2,20,144,64,153,69,131,63,428,196,21.4,41,31,31,23,10,8,3,1,32
동부,동대문구,전일중학교,http://www.jeonil.ms.kr, 공립 , 공학 ,2506," 서울특별시 동대문구 사가정로13길 67 , 전일중학교 (전농동) ",222452745,6,6,6,1,19,144,72,146,73,153,68,443,213,23.3,39,29,32,25,7,4,4,2,32
동부,중랑구,중랑중학교,http://www.joongrang.ms.kr, 공립 , 공학 ,2047," 서울특별시 중랑구 동일로140길 33 , 중랑중학교 (중화동) ",24375312,5,6,6,1,18,126,65,143,54,146,58,415,177,23.1,39,31,31,24,8,7,2,1,40
동부,중랑구,중화중학교,http://www.junghwa.ms.kr, 공립 , 공학 ,2193, 서울특별시 중랑구 용마산로 364 (면목동) ,24395817,8,7,7,3,25,186,66,166,67,182,71,534,204,21.4,49,36,40,30,9,6,4,2,39
동부,동대문구,청량중학교,http://www.cheongryang.ms.kr, 공립 , 공학 ,2461, 서울특별시 동대문구 왕산로 301 (청량리동) ,29660436,6,6,7,2,21,146,46,139,42,168,53,453,141,21.6,45,31,35,24,10,7,2, - ,40
동부,중랑구,태릉중학교,http://www.taereung.ms.kr, 공립 , 공학 ,2040, 서울특별시 중랑구 공릉로2길 60-25 (묵동) ,29735551,7,5,6,1,19,162,72,118,53,148,85,428,210,22.5,40,32,32,26,8,6,4,2,36
동부,동대문구,휘경중학교,http://www.hwigyong.ms.kr, 공립 , 공학 ,2498," 서울특별시 동대문구 망우로18나길 20 (휘경동,휘경중학교) ",222441359,5,5,6,2,18,112,32,88,31,124,45,324,108,18,38,27,30,22,8,5,2, - ,32
동부,동대문구,경희여자중학교,http://www.kyungheegls.ms.kr, 사립 , 여자 ,2447, 서울특별시 동대문구 경희대로 26 (회기동) ,222508888,6,6,6, - ,18,135,135,135,135,150,150,420,420,23.3,31,19,29,17,2,2,4,2, - 
동부,동대문구,경희중학교,http://www.kyunghee.ms.kr, 사립 , 남자 ,2447," 서울특별시 동대문구 경희대로 26 , 경희중학교 (회기동) ",29666402,7,6,7, - ,20,177, - ,154, - ,182, - ,513, - ,25.7,41,14,35,11,6,3,4, - , - 
동부,동대문구,대광중학교,http://www.dgm.ms.kr, 사립 , 공학 ,2581, 서울특별시 동대문구 안암로 6 (신설동) 대광중학교 ,29402206,5,6,6, - ,17,108,42,116,59,137,48,361,149,21.2,33,16,28,11,5,5,4,2,18
동부,동대문구,동국대학교사범대학부속중학교,http://dongguk.ms.kr, 사립 , 남자 ,2520, 서울특별시 동대문구 장안벚꽃로 201 (장안동) ,267161800,7,6,7, - ,20,176, - ,155, - ,153, - ,484, - ,24.2,41,20,33,15,8,5,4,1,28
동부,중랑구,송곡여자중학교,http://www.songgok.ms.kr, 사립 , 여자 ,2057," 서울특별시 중랑구 양원역로 67 (망우동, 송곡여자중고등학교) ",7071243568,4,4,4, - ,12,58,58,65,65,75,75,198,198,16.5,24,18,16,12,8,6,4,2,18
동부,중랑구,영란여자중학교,http://www.youngran.ms.kr, 사립 , 여자 ,2061, 서울특별시 중랑구 망우로73길 56 (망우동) ,222090143,6,6,6, - ,18,100,100,101,101,115,115,316,316,17.6,33,27,30,24,3,3,4,2,26
동부,동대문구,정화여자중학교,http://www.jhg.ms.kr, 사립 , 여자 ,2480, 서울특별시 동대문구 홍릉로15길 50 (제기동) ,29670178,4,4,4, - ,12,59,59,51,51,65,65,175,175,14.6,24,13,18,9,6,4,3,1, - 
동부,중랑구,혜원여자중학교,http://hyewon.ms.kr, 사립 , 여자 ,2142, 서울특별시 중랑구 봉우재로 58길 39 (망우동) ,264917904,6,6,6, - ,18,118,118,127,127,165,165,410,410,22.8,36,23,32,19,4,4,4,1,27
동부,동대문구,휘경여자중학교,http://www.hwikyung.ms.kr, 사립 , 여자 ,2503, 서울특별시 동대문구 한천로 247 휘경여자중학교 ,222448927,7,6,6, - ,19,175,175,151,151,156,156,482,482,25.4,37,19,29,13,8,6,4, - ,36
서부,서대문구,가재울중학교,http://www.gajaeul.ms.kr, 공립 , 공학 ,3709, 서울특별시 서대문구 수색로 100-75 (북가좌동) ,23768565,7,7,7,2,23,239,106,209,103,221,110,669,319,29.1,44,31,39,28,5,3,5,3,31
서부,은평구,구산중학교,http://www.gusanjung.ms.kr, 공립 , 공학 ,3429," 서울특별시 은평구 갈현로15길 20-23 (구산동,구산중학교) ",23898785,9,8,9,2,28,235,98,199,89,224,91,658,278,23.5,53,42,48,37,5,5,2,2,39
서부,은평구,덕산중학교,http://www.duksan.ms.kr, 공립 , 공학 ,3433, 서울특별시 은평구 가좌로 400 (신사동) ,231467292,6,6,6, - ,18,143,86,140,85,143,76,426,247,23.7,37,30,33,26,4,4,2,2,36
서부,은평구,불광중학교,http://bulgwang.ms.kr, 공립 , 공학 ,3359," 서울특별시 은평구 불광로 180 , 불광중학교 (불광동) ",23846591,8,8,8,2,26,207,89,198,94,224,104,629,287,24.2,48,32,43,28,5,4,3, - ,38
서부,은평구,상신중학교,http://www.sangsin.ms.kr, 공립 , 공학 ,3447," 서울특별시 은평구 증산로15길 61 (신사동, 상신중학교) ",23055136,6,5,6,1,18,137,100,132,92,141,82,410,274,22.8,36,25,30,21,6,4,4,2,25
서부,마포구,상암중학교,http://sangam.ms.kr, 공립 , 공학 ,3907, 서울특별시 마포구 상암산로1길 26 (상암동) ,23755300,13,13,12,2,40,397,192,416,202,342,181,"1,155",575,28.9,76,61,66,51,10,10,3,2,56
서부,서대문구,서연중학교,http://www.seoyun.ms.kr, 공립 , 공학 ,3704, 서울특별시 서대문구 연희로11마길 9-6 (연희동) ,23327375,5,5,7,1,18,103,41,98,46,153,72,354,159,19.7,43,31,32,23,11,8,3,1,32
서부,마포구,서울여자중학교,http://www.seoul.ms.kr, 공립 , 여자 ,4140," 서울특별시 마포구 백범로25길 34 , 128-2 (염리동) ",27165041,6,6,6,1,19,177,177,133,133,159,159,469,469,24.7,41,37,35,32,6,5,2,2,32
서부,마포구,성사중학교,http://www.sungsa.ms.kr, 공립 , 공학 ,3951," 서울특별시 마포구 모래내로9길 16 , 성사중학교 (성산동) ",23738002,6,6,7,2,21,105,57,126,66,171,76,402,199,19.1,46,33,37,25,9,8,4,1,40
서부,마포구,성산중학교,http://sungsan.ms.kr/, 공립 , 공학 ,4072, 서울특별시 마포구 성지1길 32-13 (합정동) ,23320307,9,8,8,1,26,189,84,191,87,188,102,568,273,21.8,48,34,44,31,4,3,4, - ,37
서부,마포구,성서중학교,http://www.sungseo.ms.kr, 공립 , 공학 ,3965, 서울특별시 마포구 성산로4길 42 (성산동) ,231407100,8,7,7,1,23,177,79,166,86,178,95,521,260,22.7,44,34,42,32,2,2,4,2,35
서부,은평구,신도중학교,http://www.shindo.ms.kr, 공립 , 공학 ,3310, 서울특별시 은평구 진관1로 77-30 (진관동) ,23894330,12,10,11,2,35,393,185,306,130,340,168,"1,039",483,29.7,65,50,55,41,10,9,4,3,40
서부,마포구,신수중학교,http://www.sinsu.ms.kr, 공립 , 공학 ,4087," 서울특별시 마포구 신수로 49 , 신수중학교 (신수동) ",27176004,7,6,6,1,20,178,113,167,94,162,88,507,295,25.4,43,32,35,26,8,6,3,1,29
서부,서대문구,신연중학교,http://www.sinyeon.ms.kr, 공립 , 공학 ,3717, 서울특별시 서대문구 모래내로 408 (연희동) ,23794317,6,5,6,2,19,135,69,129,48,137,57,401,174,21.1,36,26,34,26,2, - ,4,2,32
서부,마포구,아현중학교,http://ahyeon.ms.kr, 공립 , 공학 ,4117," 서울특별시 마포구 마포대로 247 (아현동,아현중학교) ",23631813,7,6,6,2,21,197,86,158,86,158,83,513,255,24.4,49,38,38,28,11,10,3,3,46
서부,서대문구,연북중학교,http://www.yeonbuk.ms.kr, 공립 , 공학 ,3718," 서울특별시 서대문구 연희로36길 32 (연희동, 연북중학교) ",23327378,6,5,6,1,18,129,52,107,38,143,60,379,150,21.1,34,26,32,24,2,2,2, - ,30
서부,은평구,연서중학교,http://www.yeonseo.ms.kr, 공립 , 공학 ,3496," 서울특별시 은평구 증산서길 125-6 (증산동,연서중학교) ",267158000,5,5,7,1,18,115,57,126,52,171,74,412,183,22.9,38,28,32,23,6,5,3,1,39
서부,은평구,연신중학교,http://www.yonsin.ms.kr, 공립 , 공학 ,3342," 서울특별시 은평구 연서로33길 16-32 (연신중학교, 불광동) ",23837831,6,6,7,1,20,142,57,125,53,168,62,435,172,21.8,44,35,34,29,10,6,2,2,40
서부,은평구,연천중학교,http://yonchon.ms.kr, 공립 , 공학 ,3338, 서울특별시 은평구 연서로41길 30 (불광동) ,23540514,6,6,6, - ,18,100,41,121,44,154,57,375,142,20.8,36,26,32,23,4,3,3,2,28
서부,서대문구,연희중학교,http://yonhi.ms.kr, 공립 , 공학 ,3670, 서울특별시 서대문구 증가로 170 (남가좌동) ,23722992,10,10,10, - ,30,266,132,274,147,263,131,803,410,26.8,56,46,52,46,4, - ,4, - ,42
서부,은평구,은평중학교,http://www.eunpyeong.ms.kr, 공립 , 공학 ,3429, 서울특별시 은평구 갈현로17나길 12-1 (구산동) ,23823545,8,8,8,2,26,185,59,190,71,188,93,563,223,21.7,52,41,43,33,9,8,4, - ,39
서부,서대문구,인왕중학교,http://www.inwang.ms.kr, 공립 , 공학 ,3620," 서울특별시 서대문구 세검정로4길 , 69 (홍제동) ",23965406,7,7,6,1,21,174,61,173,59,156,63,503,183,24,42,31,33,26,9,5,3,2,36
서부,마포구,중암중학교,http://www.joongam.ms.kr, 공립 , 공학 ,3934," 서울특별시 마포구 월드컵북로38길 25 (중동,중암중학교) ",23095778,9,9,13,1,32,245,128,224,100,368,195,837,423,26.2,65,49,54,38,11,11,4,2,44
서부,은평구,증산중학교,http://www.jeungsan.ms.kr, 공립 , 공학 ,3493," 서울특별시 은평구 증산로5길 27-30 , 증산중학교 (증산동) ",23039294,5,4,6,1,16,89,39,80,41,136,67,305,147,19.1,32,22,29,19,3,3,2, - ,25
서부,은평구,진관중학교,http://www.jingwan.ms.kr, 공립 , 공학 ,3302, 서울특별시 은평구 진관4로 36 (진관동) ,23835378,13,10,11,2,36,401,203,338,156,344,174,"1,083",533,30.1,67,51,59,43,8,8,4,2,50
서부,마포구,창천중학교,http://www.changchun.ms.kr, 공립 , 공학 ,4102, 서울특별시 마포구 백범로1길 56 (노고산동) ,27010071,5,5,5,2,17,101,59,99,55,115,62,315,176,18.5,37,30,30,25,7,5,2,1,53
서부,서대문구,홍은중학교,http://www.hongeun.ms.kr, 공립 , 공학 ,3648," 서울특별시 서대문구 연희로41길 94 (홍은동, 홍은중학교) ",232160512,5,5,5,1,16,96,25,112,47,128,36,336,108,21,34,23,28,20,6,3,3,1,35
서부,마포구,경성중학교,http://www.gyeongseong.ms.kr, 사립 , 남자 ,3977," 서울특별시 마포구 성미산로 111 , 경성중학교 (연남동) ",231401245,5,5,5, - ,15,95, - ,96, - ,108, - ,299, - ,19.9,30,19,24,15,6,4,4,1,27
서부,마포구,광성중학교,http://www.kwangsung.ms.kr, 사립 , 남자 ,4097," 서울 마포구 신수로8길 20 (신수동,광성중고등학교) ",27033456,5,5,5, - ,15,103, - ,96, - ,114, - ,313, - ,20.9,31,12,23,8,8,4,4,2,4
서부,은평구,대성중학교,http://www.dsms.ms.kr, 사립 , 남자 ,3322," 서울특별시 은평구 갈현로29길 51-24 , 대성중고등학교 (갈현동) ",262521100,9,9,10, - ,28,173, - ,165, - ,231, - ,569, - ,20.3,53,34,38,27,15,7,5,1,35
서부,마포구,동도중학교,http://www.dong-do.ms.kr, 사립 , 공학 ,4140, 서울특별시 마포구 백범로 139 동도중학교 ,27165391,8,8,8, - ,24,238,112,229,119,220,120,687,351,28.6,47,22,33,14,14,8,3,2,30
서부,서대문구,동명여자중학교,http://www.dongmyunggirls.ms.kr, 사립 , 여자 ,3735, 서울특별시 서대문구 독립문로 49 (천연동) ,23635043,4,5,5, - ,14,92,92,103,103,100,100,295,295,21.1,27,16,24,13,3,3,4,3,21
서부,서대문구,명지중학교,http://www.myongji.ms.kr, 사립 , 공학 ,3656, 서울특별시 서대문구 명지2길 56 (홍은동) ,23027072,9,10,10, - ,29,234,93,216,105,205,102,655,300,22.6,53,30,34,18,19,12,6,3,45
서부,은평구,선일여자중학교,http://www.sunil.ms.kr, 사립 , 여자 ,3322," 서울특별시 은평구 갈현로29길 27 (갈현동,선일여자중학교) ",23550161,8,8,9, - ,25,169,169,154,154,179,179,502,502,20.1,50,39,36,28,14,11,4,3,34
서부,은평구,선정중학교,http://sunjung-m.sen.go.kr, 사립 , 공학 ,3327," 서울특별시 은평구 서오릉로20길 19 , 선정중학교 (갈현동) ",231561721,9,9,10, - ,28,192,67,177,52,238,109,607,228,21.7,51,31,36,21,15,10,4,2,33
서부,마포구,숭문중학교,http://www.soongmoon.ms.kr, 사립 , 남자 ,4126," 서울특별시 마포구 숭문길 99 (대흥동,숭문중고등학교) ",27154461,6,6,6, - ,18,150, - ,134, - ,140, - ,424, - ,23.6,32,8,30,8,2, - ,4,1,25
서부,은평구,숭실중학교,http://www.soongsilm.net, 사립 , 남자 ,3445, 서울특별시 은평구 은평터널로7길 6 (신사동) ,23737641,6,6,6, - ,18,148, - ,144, - ,134, - ,426, - ,23.7,34,6,28,5,6,1,4,1,19
서부,은평구,영락중학교,http://youngnak.ms.kr/, 사립 , 공학 ,3475," 서울특별시 은평구 백련산로 134-6 , 영락중학교 (응암동, 영락중학교) ",23884033,8,8,8, - ,24,229,94,221,101,191,88,641,283,26.7,53,38,36,24,17,14,4,2,39
서부,은평구,예일여자중학교,http://yale.ms.kr, 사립 , 여자 ,3412, 서울특별시 은평구 연서로 117 (구산동) ,23800982,8,8,8, - ,24,242,242,206,206,206,206,654,654,27.3,45,38,40,33,5,5,4,3,31
서부,서대문구,이화여자대학교사범대학부속이화・금란중학교,http://www.ewha.ms.kr, 사립 , 공학 ,3765, 서울특별시 서대문구 성산로 520 (대신동) ,23926175,6,6,6, - ,18,131,70,114,62,155,80,400,212,22.2,36,24,30,19,6,5,4,2,38
서부,서대문구,인창중학교,http://ic.ms.kr/, 사립 , 남자 ,3746," 서울특별시 서대문구 경기대로 65 , 인창중학교 (충정로2가, 인창중·고등학교) ",23004504,6,6,6, - ,18,127, - ,110, - ,146, - ,383, - ,21.3,34,15,31,14,3,1,4,2,21
서부,서대문구,정원여자중학교,http://www.jungwon.ms.kr, 사립 , 여자 ,3652," 서울특별시 서대문구 연희로37안길 51 , 정원여자중학교 (홍은동) ",23946301,8,8,8, - ,24,127,127,141,141,158,158,426,426,17.8,49,39,41,31,8,8,4,2,37
서부,서대문구,중앙여자중학교,http://jungang1940.ms.kr, 사립 , 여자 ,3762," 서울특별시 서대문구 북아현로11가길 7 (북아현동, 중앙여자중학교) ",23623063,5,5,5, - ,15,76,76,82,82,85,85,243,243,16.2,30,17,24,13,6,4,4,2,24
서부,은평구,충암중학교,http://www.choongam.ms.kr, 사립 , 공학 ,3481, 서울특별시 은평구 가좌로5길 5 (응암동) ,7050085757,10,10,10, - ,30,209,93,194,84,215,106,618,283,20.6,56,35,40,23,16,12,4, - ,42
서부,서대문구,한성중학교,http://www.hanseong.ms.kr, 사립 , 남자 ,3771," 서울특별시 서대문구 북아현로1길 24 (북아현동,한성중학교) ",23654942,6,6,8, - ,20,57, - ,90, - ,146, - ,293, - ,14.7,35,5,31,2,4,3,4, - ,30
서부,마포구,홍익대학교사범대학부속여자중학교,http://www.hongikg.ms.kr, 사립 , 여자 ,3967," 서울특별시 마포구 성미산로 51 , 홍익대학교사범대학부속여자중학교 (성산동) ",23317305,5,5,5, - ,15,126,126,117,117,139,139,382,382,25.5,34,22,28,18,6,4,4,1,23
남부,금천구,가산중학교,http://www.gasan.ms.kr, 공립 , 공학 ,8584, 서울특별시 금천구 시흥대로115길 48 (독산동) ,28041777,6,5,6,2,19,155,86,115,59,135,63,405,208,21.3,39,31,33,25,6,6,2,1,38
남부,구로구,개봉중학교,http://www.gaebong.ms.kr, 공립 , 공학 ,8250, 서울특별시 구로구 고척로21나길 68 (개봉동) ,236602480,6,6,7,2,21,153,90,141,70,166,78,460,238,21.9,41,26,35,22,6,4,2,1,28
남부,구로구,개웅중학교,http://www.kaewoong.ms.kr, 공립 , 공학 ,8351," 서울특별시 구로구 개봉로11길 81 , 개웅중학교 (개봉동,개웅중학교) ",226133342,8,8,9, - ,25,179,94,190,101,200,101,569,296,22.8,55,40,42,34,13,6,3,2,36
남부,구로구,경인중학교,http://kyeongin.ms.kr, 공립 , 공학 ,8238, 서울특별시 구로구 경인로 301 (개봉동) ,226126508,8,7,9,2,26,207,111,161,75,249,139,617,325,23.7,51,37,44,32,7,5,3,1,40
남부,구로구,고척중학교,http://www.gocheok.ms.kr, 공립 , 공학 ,8225," 서울특별시 구로구 중앙로3길 20 , 고척중학교 (고척동) ",269177102,12,12,12,1,37,327,165,324,152,349,145,"1,000",462,27,68,50,61,44,7,6,4,1,48
남부,구로구,구로중학교,http://www.guro.ms.kr, 공립 , 공학 ,8303, 서울특별시 구로구 구로중앙로 48 (구로동) ,28644233,7,7,7,1,22,143,67,149,67,146,72,438,206,19.9,47,35,41,30,6,5,2,2,52
남부,구로구,구일중학교,http://kuil.ms.kr, 공립 , 공학 ,8324, 서울특별시 구로구 구일로 90-133 (구로동) ,221079103,9,7,8,1,25,225,101,155,73,193,77,573,251,22.9,48,37,42,31,6,6,4,2,33
남부,금천구,난곡중학교,http://nangok.ms.kr, 공립 , 공학 ,8549, 서울특별시 금천구 문성로 67 (독산동) ,705080070,5,6,5,1,17,97,48,121,64,108,58,326,170,19.2,37,26,31,21,6,5,2,1,46
남부,영등포구,당산서중학교,http://www.dangsanseo.ms.kr, 공립 , 공학 ,7213," 서울특별시 영등포구 당산로41길 12 (당산동5가,당산서중학교) ",226760962,7,5,8, - ,20,132,69,113,57,188,91,433,217,21.7,41,33,35,29,6,4,3,2,41
남부,영등포구,당산중학교,http://dangsan.ms.kr, 공립 , 공학 ,7224, 서울특별시 영등포구 버드나루로 160 (당산동) ,221779900,6,6,6,1,19,145,59,151,72,136,67,432,198,22.7,38,27,33,24,5,3,3,3,36
남부,영등포구,대림중학교,http://www.daerim.ms.kr, 공립 , 공학 ,7442," 서울특별시 영등포구 시흥대로185길 6 (대림동,대림중학교) ",28452171,7,7,8,1,23,116,54,127,56,158,68,401,178,17.4,50,42,40,34,10,8,3,2,34
남부,영등포구,대영중학교,http://daeyoung.ms.kr, 공립 , 공학 ,7397," 서울특별시 영등포구 도림로80가길 14 (신길동, 대영중학교) ",28487781,9,8,8,1,26,189,88,182,86,179,80,550,254,21.2,53,44,44,35,9,9,4,1,36
남부,영등포구,문래중학교,http://www.mullae.ms.kr, 공립 , 공학 ,7283," 서울특별시 영등포구 선유서로13길 6 (문래동6가,문래중학교) ",267120707,8,8,8, - ,24,207,101,203,93,212,94,622,288,25.9,48,32,41,27,7,5,4,1,34
남부,금천구,문성중학교,http://www.munseong.ms.kr, 공립 , 공학 ,8551," 서울특별시 금천구 독산로102길 78 , 문성중학교 (독산동) ",28588446,5,5,6,1,17,106,49,107,54,134,70,347,173,20.4,38,30,30,24,8,6,2,1,32
남부,영등포구,선유중학교,http://seonyoo.ms.kr, 공립 , 공학 ,7211, 서울특별시 영등포구 선유로 213 (양평동3가) ,226784652,6,6,6,1,19,136,59,145,68,163,79,444,206,23.4,36,29,33,26,3,3,4,2,34
남부,금천구,세일중학교,http://www.seil.ms.kr, 공립 , 공학 ,8533, 서울특별시 금천구 시흥대로147길 34 (독산동) ,28561049,5,6,5,2,18,121,48,151,66,120,55,392,169,21.8,40,28,32,22,8,6,3,2,38
남부,금천구,시흥중학교,http://www.shi-heung.ms.kr, 공립 , 공학 ,8650," 서울특별시 금천구 시흥대로38길 60 , 시흥중학교 (시흥동) ",7047165706,10,8,10,2,30,240,153,179,139,240,174,659,466,22,60,46,50,36,10,10,2,2,47
남부,구로구,신도림중학교,http://www.sindorim.ms.kr, 공립 , 공학 ,8207," 서울특별시 구로구 경인로63길 74 , 신도림중학교 (신도림동) ",226761993,12,12,12,1,37,334,152,343,156,317,158,994,466,26.9,68,52,62,46,6,6,4,3,49
남부,금천구,안천중학교,http://www.ancheon.ms.kr, 공립 , 공학 ,8597," 서울특별시 금천구 한내로 69-44 (독산동,안천중학교) ",28941391,7,6,6,1,20,144,70,141,63,122,63,407,196,20.4,40,28,36,25,4,3,2,1,31
남부,영등포구,양화중학교,http://www.yangwha.ms.kr, 공립 , 공학 ,7293," 서울특별시 영등포구 당산로 56 (문래동3가, 양화중학교) ",222295706,9,8,8,1,26,235,103,210,97,207,99,652,299,25.1,54,40,45,33,9,7,5,3,38
남부,영등포구,여의도중학교,http://www.yeouido.ms.kr, 공립 , 공학 ,7341," 서울특별시 영등포구 국제금융로7길 46 , 여의도중학교 (여의도동) ",221999600,11,10,10,1,32,247,117,253,120,239,110,739,347,23.1,60,44,57,41,3,3,2,1,64
남부,영등포구,영남중학교,http://yeongnam.ms.kr, 공립 , 공학 ,7411," 서울특별시 영등포구 대림로31나길 17 , 영남중학교 (대림동) ",28331003,7,8,8,3,26,187,78,181,83,206,84,574,245,22.1,52,40,44,34,8,6,3,2,38
남부,구로구,영림중학교,http://younglim.ms.kr/, 공립 , 공학 ,8299," 서울특별시 구로구 가마산로27길 17 , 영림중학교 (구로동) ",28590320,10,8,9,1,28,230,120,175,91,188,100,593,311,21.2,56,41,44,33,12,8,4,3,59
남부,구로구,영서중학교,http://www.yeongseo.ms.kr, 공립 , 공학 ,8370, 서울특별시 구로구 도림로20길 35 (구로동) ,28569567,8,8,9,3,28,202,99,197,92,218,124,617,315,22,55,43,44,35,11,8,3,2,50
남부,영등포구,영원중학교,http://www.youngwon.ms.kr, 공립 , 공학 ,7310," 서울특별시 영등포구 영등포로62길 31 (영등포동,영원중학교) ",7050868130,8,8,8,2,26,185,91,190,88,210,97,585,276,22.5,50,41,44,36,6,5,2,1,42
남부,구로구,오남중학교,http://www.ohnam.ms.kr, 공립 , 공학 ,8363, 서울특별시 구로구 오리로9길 25 (오류동) ,269521204,8,8,8,1,25,215,125,200,114,192,111,607,350,24.3,48,31,43,26,5,5,3,2,33
남부,구로구,오류중학교,http://www.oryu.ms.kr, 공립 , 공학 ,8242, 서울특별시 구로구 고척로27바길 19 (고척동) ,226135874,5,5,6,1,17,109,46,109,55,140,74,358,175,21.1,33,24,29,20,4,4,2,2,35
남부,영등포구,윤중중학교,http://www.yunjung.ms.kr, 공립 , 공학 ,7322," 서울특별시 영등포구 여의동로3길 3 (여의도동, 윤중중학교) ",27808842,8,7,7,1,23,188,87,169,79,167,68,524,234,22.8,47,40,39,33,8,7,3,1,45
남부,구로구,천왕중학교,http://cheonwang.ms.kr, 공립 , 공학 ,8364," 서울특별시 구로구 천왕로 63 (천왕동, 천왕중학교) ",226182832,9,9,8,1,27,231,140,224,119,208,132,663,391,24.6,51,41,45,35,6,6,4,1,38
남부,금천구,한울중학교,http://www.hanwool.ms.kr, 공립 , 공학 ,8566, 서울특별시 금천구 독산로50길 60 한울중학교 ,28564941,8,8,9,1,26,194,98,183,91,215,117,592,306,22.8,52,37,45,33,7,4,4,3,35
남부,금천구,동일중학교,http://www.dongil.ms.kr, 사립 , 공학 ,8656, 서울특별시 금천구 탑골로10길 45 (시흥동) ,7077038058,7,7,8, - ,22,191,119,188,93,186,102,565,314,25.7,40,27,34,22,6,5,4,1,39
남부,금천구,문일중학교,http://www.moonil.ms.kr, 사립 , 남자 ,8634," 서울특별시 금천구 시흥대로47길 45 , 문일중학교 (시흥동) ",28080297,6,6,7, - ,19,128, - ,136, - ,164, - ,428, - ,22.5,40,18,33,14,7,4,4, - ,26
남부,구로구,우신중학교,http://wooshin.ms.kr, 사립 , 남자 ,8258," 서울특별시 구로구 부일로 917 , 우신중학교 (궁동) ",226101610,6,6,6, - ,18,123, - ,149, - ,131, - ,403, - ,22.4,33,9,24,4,9,5,4,1,24
북부,노원구,공릉중학교,http://kongrung.ms.kr, 공립 , 공학 ,1823," 서울특별시 노원구 노원로1길 42 (공릉동,공릉중학교) ",29715212,10,9,10,1,30,259,130,229,118,284,128,772,376,25.7,54,43,49,40,5,3,3,2,39
북부,도봉구,노곡중학교,http://www.nogok.ms.kr, 공립 , 공학 ,1419," 서울특별시 도봉구 노해로70길 95 (창동,노곡중학교) ",29965232,6,6,6,1,19,131,61,131,63,150,73,412,197,21.7,37,25,33,23,4,2,3,1,43
북부,노원구,노원중학교,http://www.nowon.ms.kr, 공립 , 공학 ,1764," 서울특별시 노원구 동일로213길 26 (상계동,노원중학교) ",233916921,7,7,8,2,24,175,81,157,80,212,96,544,257,22.7,45,30,40,25,5,5,3,2,47
북부,노원구,노일중학교,http://www.noil.ms.kr, 공립 , 공학 ,1613," 서울특별시 노원구 동일로231길 24 , 노일중학교 (상계동) ",233910092,6,7,7, - ,20,133,69,132,63,165,75,430,207,21.5,40,30,37,28,3,2,3,2,41
북부,노원구,녹천중학교,http://www.nokcheon.ms.kr, 공립 , 공학 ,1905," 서울특별시 노원구 월계로 376 (월계동, 녹천중학교) ",29784592,6,6,6,1,19,139,83,121,81,138,107,398,271,20.9,36,23,30,18,6,5,4,2,42
북부,도봉구,도봉중학교,http://www.dobong.ms.kr, 공립 , 공학 ,1329," 서울특별시 도봉구 마들로 671 (도봉동,도봉중학교) ",29544117,6,7,8,1,22,144,57,144,66,159,72,447,195,20.3,45,32,39,28,6,4,3,1,40
북부,도봉구,방학중학교,http://www.banghak.ms.kr, 공립 , 공학 ,1358," 서울특별시 도봉구 시루봉로 188 , 방학중학교 (방학동) ",29568343,6,7,7,2,22,125,57,154,83,170,79,449,219,20.4,41,24,35,20,6,4,2,2,36
북부,도봉구,백운중학교,http://www.baekwoon.ms.kr, 공립 , 공학 ,1432, 서울특별시 도봉구 도봉로129길 50 (쌍문동) ,29984035,7,7,8,2,24,142,56,143,53,193,71,478,180,19.9,44,32,35,25,9,7,4,1,34
북부,도봉구,북서울중학교,http://www.bukseoul.ms.kr, 공립 , 공학 ,1305, 서울특별시 도봉구 도봉로169가길 33 (도봉동) ,29561004,8,7,8, - ,23,148,63,152,80,167,79,467,222,20.3,53,39,41,31,12,8,3,1,40
북부,노원구,불암중학교,http://bulam.ms.kr, 공립 , 공학 ,1747," 서울특별시 노원구 한글비석로5길 45 , 불암중학교 (하계동) ",29754047,12,11,12, - ,35,337,156,321,150,345,165,"1,003",471,28.7,72,55,56,39,16,16,5,3,44
북부,노원구,상경중학교,http://www.sanggyung.ms.kr, 공립 , 공학 ,1619," 서울특별시 노원구 동일로227길 61 (상계동, 상경중학교) ",29393951,9,8,9,1,27,181,98,206,96,228,113,615,307,22.8,51,36,46,33,5,3,3,2,40
북부,노원구,상계제일중학교,http://www.sanggyejeil.ms.kr, 공립 , 공학 ,1716," 서울특별시 노원구 덕릉로86길 29-15 , 상계제일중학교 (중계동) ",29303543,9,9,9,2,29,186,83,193,94,218,98,597,275,20.6,54,40,47,36,7,4,4,4,42
북부,노원구,상계중학교,http://www.sanggye.ms.kr, 공립 , 공학 ,1705, 서울특별시 노원구 노원로 398 (상계동) ,29366450,8,9,10,2,29,157,78,204,96,215,108,576,282,19.9,60,46,52,40,8,6,3,1,45
북부,노원구,상원중학교,http://www.sang-won.ms.kr, 공립 , 공학 ,1670, 서울특별시 노원구 수락산로 182 (상계동) ,29300761,8,8,8, - ,24,143,77,158,80,196,102,497,259,20.7,48,31,43,28,5,3,2,2,38
북부,노원구,수락중학교,http://www.surak.ms.kr, 공립 , 공학 ,1602," 서울특별시 노원구 동일로 1729 , 수락중학교 (상계동) ",220921947,6,6,7,2,21,134,66,147,68,159,73,440,207,21,40,27,35,23,5,4,3,1,36
북부,도봉구,신도봉중학교,http://www.sindobong.ms.kr, 공립 , 공학 ,1443, 서울특별시 도봉구 도봉로115길 16 (쌍문동) ,29923462,7,7,7,2,23,172,61,172,70,186,76,530,207,23,44,34,36,28,8,6,3,1,36
북부,도봉구,신방학중학교,http://www.sbh.ms.kr, 공립 , 공학 ,1359," 서울특별시 도봉구 시루봉로 156 , 신방학중학교 (방학동) ",29568234,7,7,8, - ,22,177,92,147,56,170,69,494,217,22.5,43,29,39,27,4,2,2,2,41
북부,노원구,신상중학교,http://www.sinsang.ms.kr, 공립 , 공학 ,1755," 서울특별시 노원구 동일로216길 42 (상계동,신상중학교) ",29320595,6,6,7, - ,19,143,68,151,64,153,75,447,207,23.5,36,28,35,27,1,1,3,2,33
북부,노원구,신창중학교,http://www.sc.ms.kr, 공립 , 공학 ,1874," 서울 노원구 월계로45길 92 (월계동,신창중학교) ",29044206,6,5,6,1,18,106,61,97,66,108,59,311,186,17.3,39,28,31,20,8,8,3, - ,27
북부,노원구,온곡중학교,http://www.ongok.ms.kr, 공립 , 공학 ,1678," 서울특별시 노원구 노원로 492 (상계동,온곡중학교) ",29348908,7,8,9, - ,24,172,88,184,101,193,90,549,279,22.9,48,35,43,31,5,4,4,3,38
북부,노원구,월계중학교,http://www.iwolgye.ms.kr, 공립 , 공학 ,1877, 서울특별시 노원구 월계로45가길 54 (월계동) ,29933115,6,6,5,2,19,118,69,101,67,103,71,322,207,16.9,38,29,32,24,6,5,3,1,33
북부,노원구,을지중학교,http://www.eulji.ms.kr, 공립 , 공학 ,1741, 서울특별시 노원구 덕릉로 580 (중계동) ,29387083,8,8,8, - ,24,226,109,238,114,253,127,717,350,29.9,50,39,41,32,9,7,4,2,40
북부,노원구,중계중학교,http://www.junggye.ms.kr, 공립 , 공학 ,1712, 서울특별시 노원구 덕릉로76길 23 (중계동) ,29322545,11,10,10,1,32,306,144,280,116,320,158,906,418,28.3,67,51,53,39,14,12,3,3,43
북부,노원구,중원중학교,http://www.joongwon.ms.kr, 공립 , 공학 ,1787," 서울특별시 노원구 공릉로 420 (중계동, 중원중학교) ",29712788,8,8,9,2,27,163,71,198,114,201,106,562,291,20.8,50,38,44,33,6,5,3,2,37
북부,노원구,중평중학교,http://jungpyong.ms.kr/, 공립 , 공학 ,1776," 서울특별시 노원구 동일로203길 87 (하계동,중평중학교) ",29773026,10,9,11,1,31,251,114,252,134,297,137,800,385,25.8,61,46,54,39,7,7,3,1,40
북부,도봉구,창동중학교,http://www.changdong.ms.kr, 공립 , 공학 ,1338, 서울특별시 도봉구 방학로 32 창동중학교(방학동) ,222896600,10,10,9,2,31,246,116,211,96,219,109,676,321,21.8,59,42,54,40,5,2,3,1,43
북부,도봉구,창북중학교,http://www.changbook.ms.kr, 공립 , 공학 ,1483," 서울특별시 도봉구 노해로62길 33 (창동,창북중학교) ",29078244,7,9,9, - ,25,161,71,180,98,217,107,558,276,22.3,54,42,43,32,11,10,3,2,42
북부,도봉구,창일중학교,http://www.changil.ms.kr, 공립 , 공학 ,1424," 서울특별시 도봉구 노해로66길 60 (창동,창일중학교) ",29945934,10,10,10, - ,30,262,118,235,126,284,130,781,374,26,55,43,50,38,5,5,4,2,43
북부,노원구,태랑중학교,http://www.taerang.ms.kr, 공립 , 공학 ,1801," 서울특별시 노원구 화랑로51나길 51 , 태랑중학교 (공릉동) ",29731355,8,8,9,1,26,224,106,202,93,257,126,683,325,26.3,49,34,40,26,9,8,4,2,37
북부,노원구,하계중학교,http://www.hagye.ms.kr, 공립 , 공학 ,1791, 서울특별시 노원구 노원로 261-8 (하계동) ,233990200,13,12,13,1,39,355,160,343,169,348,166,"1,046",495,26.8,74,59,66,52,8,7,5,2,50
북부,노원구,한천중학교,http://www.hancheon.ms.kr, 공립 , 공학 ,1832," 서울특별시 노원구 공릉로 265 , 한천중학교 (공릉동) ",29485554,9,10,10,2,31,221,103,224,111,279,138,724,352,23.4,59,47,53,41,6,6,3,2,44
북부,도봉구,효문중학교,http://hyomun.ms.kr, 공립 , 공학 ,1372," 서울특별시 도봉구 우이천로 432 (쌍문동, 효문중 고등학교) ",29991785,6,6,6, - ,18,107,48,111,49,142,72,360,169,20,38,26,30,19,8,7,3,2,24
북부,노원구,광운중학교,http://www.kwangwoon.ms.kr, 사립 , 남자 ,1890," 서울특별시 노원구 광운로1길 24 (월계동,광운중학교) ",269580003,6,6,7, - ,19,147, - ,145, - ,154, - ,446, - ,23.5,37,19,29,13,8,6,4,1,29
북부,노원구,상명중학교,http://www.sangmyung.ms.kr, 사립 , 공학 ,1758," 서울특별시 노원구 덕릉로 553 (중계동,상명중학교) ",29719211,9,8,10, - ,27,252,120,229,96,290,135,771,351,28.6,53,29,37,19,16,10,4,2,37
북부,도봉구,선덕중학교,http://www.sunduck.ms.kr, 사립 , 공학 ,1375," 서울특별시 도봉구 시루봉로 53 , 선덕중학교 (쌍문동) ",29934112,9,8,9, - ,26,234,99,209,75,248,93,691,267,26.6,47,26,34,13,13,13,4, - ,39
북부,노원구,염광중학교,http://www.yumkwang.ms.kr, 사립 , 공학 ,1874," 서울특별시 노원구 월계로45가길 9 , 01874 (월계동) ",29068881,6,6,6, - ,18,122,79,114,72,137,62,373,213,20.7,35,22,22,13,13,9,4, - ,20
북부,노원구,재현중학교,http://www.jaehyun.ms.kr, 사립 , 공학 ,1717," 서울특별시 노원구 덕릉로82길 64 (중계동,재현중/고등학교) ",7074650381,8,8,8, - ,24,171,63,172,70,198,83,541,216,22.5,46,20,36,16,10,4,4,2,39
북부,도봉구,정의여자중학교,http://www.jeongui.ms.kr, 사립 , 여자 ,1438, 서울특별시 도봉구 노해로49길 69 (쌍문동) ,234995305,6,6,6, - ,18,119,119,135,135,156,156,410,410,22.8,36,21,27,18,9,3,4,2,33
북부,노원구,청원중학교,http://cheongwon.ms.kr, 사립 , 공학 ,1672," 서울특별시 노원구 한글비석로 506 , 청원중학교 (상계동) ",233997717,7,7,7, - ,21,181,87,181,83,185,81,547,251,26,43,29,31,22,12,7,4,2,28
중부,종로구,서울대학교사범대학부설여자중학교,http://snu-g.ms.kr, 국립 , 여자 ,3087," 서울특별시 종로구 대학로 64 , 서울대학교사범대학부설여자중학교 (이화동) ",7050048965,6,6,6,1,19,141,141,124,124,164,164,429,429,22.6,52,36,37,22,15,14,4,2,49
중부,중구,금호여자중학교,http://www.kum-ho.ms.kr, 공립 , 여자 ,4587," 서울특별시 중구 청구로 6 , 금호여자중학교 본관동(주1) (신당동) ",7040505633,5,6,6,2,19,123,123,116,116,130,130,369,369,19.4,40,32,34,26,6,6,2,1,29
중부,중구,덕수중학교,http://www.ducksu.ms.kr, 공립 , 공학 ,4548," 서울 중구 마른내로9길 10 (인현동2가,덕수중학교) ",222659077,4,5,4,2,15,77,36,72,43,77,51,226,130,15.1,31,24,28,22,3,2,2,1,27
중부,용산구,선린중학교,http://www.sunrin.ms.kr, 공립 , 공학 ,4314, 서울특별시 용산구 원효로97길 33-4 (청파동3가) ,27136214,8,8,8,2,26,176,48,169,51,171,62,516,161,19.8,51,38,44,33,7,5,3,1,36
중부,용산구,용강중학교,http://www.yonggang.ms.kr, 공립 , 공학 ,4423, 서울특별시 용산구 이촌로65가길 91 (이촌동) ,27956176,10,10,10,1,31,289,129,262,128,265,107,816,364,26.3,62,51,48,42,14,9,3,2,41
중부,용산구,용산중학교,http://www.ys.ms.kr, 공립 , 남자 ,4353, 서울특별시 용산구 두텁바위로 74 (용산동2가) ,7040003800,5,6,6,2,19,107, - ,129, - ,129, - ,365, - ,19.2,39,29,32,23,7,6,3,1,29
중부,중구,장원중학교,http://www.jangwon.ms.kr, 공립 , 공학 ,4603, 서울특별시 중구 동호로15길 93-34 (신당동) ,222349829,5,4,4, - ,13,71,71,72,72,88,88,231,231,17.8,28,23,27,22,1,1,3,1,28
중부,중구,창덕여자중학교,http://www.changdeok.ms.kr, 공립 , 여자 ,4516," 서울특별시 중구 정동길 22 , 창덕여자중학교 (정동) ",7051254404,4,4,4,2,14,60,60,66,66,52,52,178,178,12.7,35,25,32,23,3,2,2,2,23
중부,종로구,청운중학교,http://www.cheong-un.ms.kr, 공립 , 남자 ,3047, 서울특별시 종로구 창의문로 51 (청운동) ,27370582,6,6,7,1,20,141, - ,138, - ,160, - ,439, - ,22,42,30,33,24,9,6,2,1,39
중부,용산구,한강중학교,http://www.hangang.ms.kr, 공립 , 공학 ,4384, 서울특별시 용산구 녹사평대로 73 (서빙고동) ,27941791,4,5,5,3,17,99,83,116,89,137,113,352,285,20.7,39,30,31,24,8,6,2,2,33
중부,종로구,경신중학교,http://www.ksms.ms.kr, 사립 , 남자 ,3067," 서울특별시 종로구 혜화로 74 (혜화동,경신중고등학교) ",27620313,4,4,4, - ,12,87, - ,75, - ,90, - ,252, - ,21,27,13,21,8,6,5,4, - ,16
중부,중구,대경중학교,http://www.daekyeong.ms.kr, 사립 , 남자 ,4592, 서울특별시 중구 매봉18길 111  (신당동) ,222355158,5,6,6, - ,17,93, - ,91, - ,122, - ,306, - ,18,34,15,31,13,3,2,4,1,26
중부,종로구,대신중학교,http://www.dae-shin.ms.kr, 사립 , 남자 ,3029, 서울특별시 종로구 사직로 9 (행촌동) ,27360317,5,5,5, - ,15,122, - ,122, - ,125, - ,369, - ,24.6,29,11,22,6,7,5,4,2,20
중부,종로구,덕성여자중학교,http://duksung.ms.kr, 사립 , 여자 ,3062, 서울특별시 종로구 율곡로3길 49 (송현동) ,27334807,4,4,4, - ,12,44,44,56,56,65,65,165,165,13.8,25,15,24,14,1,1,4,1,24
중부,종로구,동성중학교,http://sds.ms.kr, 사립 , 남자 ,3083, 서울특별시 종로구 대학로 156 동성중학교 (혜화동 90-7) ,236719196,5,5,5, - ,15,102, - ,85, - ,115, - ,302, - ,20.1,31,6,30,6,1, - ,4,1,25
중부,용산구,배문중학교,http://www.baemoon.ms.kr, 사립 , 남자 ,4305," 서울특별시 용산구 효창원로 258 , 배문중학교 (서계동) ",234807243,5,5,5, - ,15,89, - ,83, - ,118, - ,290, - ,19.3,30,10,25,6,5,4,4, - ,22
중부,종로구,배화여자중학교,http://www.paiwha.ms.kr, 사립 , 여자 ,3027, 서울특별시 종로구 필운대로1길 34 배화여자중학교 ,27256451,6,6,6, - ,18,160,160,119,119,151,151,430,430,23.9,36,23,31,19,5,4,4,1,27
중부,용산구,보성여자중학교,http://www.bosung-g.ms.kr, 사립 , 여자 ,4338, 서울특별시 용산구 신흥로3가길 66 (용산동2가) ,7040003136,4,5,5, - ,14,79,79,98,98,92,92,269,269,19.2,30,19,22,13,8,6,4,2,24
중부,종로구,상명대학교사범대학부속여자중학교,http://www.sangmyung-agm.ms.kr, 사립 , 여자 ,3016, 서울특별시 종로구 홍지문2길 20 (홍지동) ,23948672,4,4,4, - ,12,94,94,93,93,97,97,284,284,23.7,27,16,21,13,6,3,4, - ,16
중부,용산구,성심여자중학교,http://sacredheart.ms.kr/, 사립 , 여자 ,4361," 서울특별시 용산구 원효로19길 49 , 성심여자중학교 (원효로4가) ",232734135,4,4,4, - ,12,98,98,100,100,105,105,303,303,25.3,25,19,21,15,4,4,4,1,19
중부,용산구,신광여자중학교,http://www.shinkwang.ms.kr, 사립 , 여자 ,4313, 서울특별시 용산구 청파로 263 학교법인신광학원 (청파동3가) ,27106907,5,5,5, - ,15,96,96,82,82,101,101,279,279,18.6,30,19,26,15,4,4,4,1,23
중부,용산구,오산중학교,http://www.os.ms.kr, 사립 , 남자 ,4396," 서울특별시 용산구 보광로7길 17 (보광동,오산중학교) ",27999400,6,6,6, - ,18,125, - ,121, - ,147, - ,393, - ,21.8,35,11,29,9,6,2,4,2,22
중부,중구,장충중학교,http://www.jangchung.ms.kr, 사립 , 남자 ,4603, 서울특별시 중구 동호로15길 93 (신당동) ,7086867003,4,4,4, - ,12,64, - ,54, - ,84, - ,202, - ,16.8,24,7,18,4,6,3,4,1,23
중부,종로구,중앙중학교,http://www.choongang.ms.kr, 사립 , 공학 ,3051, 서울특별시 종로구 창덕궁길 164 중앙중학교 (계동) ,27421325,4,4,4, - ,12,58,9,61,12,65,15,184,36,15.3,25,10,23,8,2,2,4,1,20
중부,중구,한양중학교,http://www.hanyang.ms.kr, 사립 , 남자 ,4566, 서울특별시 중구 을지로 299 (신당동) ,222344725,4,4,4, - ,12,61, - ,65, - ,80, - ,206, - ,17.2,24,15,17,8,7,7,4,2,12
중부,중구,환일중학교,http://www.hwanil.ms.kr, 사립 , 남자 ,4500, 서울특별시 중구 환일길 47 (만리동2가) ,23907211,4,4,4, - ,12,51, - ,57, - ,50, - ,158, - ,13.2,26,18,19,14,7,4,4,1,16
강동송파,송파구,가락중학교,http://www.karak.ms.kr, 공립 , 공학 ,5673," 서울특별시 송파구 송이로 45 (송파동,가락중학교) ",221433102,9,7,7,1,24,171,58,169,55,194,67,534,180,22.3,52,42,39,30,13,12,3,1,47
강동송파,송파구,가원중학교,http://www.gawon.ms.kr, 공립 , 공학 ,5831," 서울특별시 송파구 중대로10길 40-18 (가락동,가원중학교) ",24092179,6,6,7,2,21,147,63,143,61,177,87,467,211,22.2,40,28,34,25,6,3,2,1,45
강동송파,강동구,강동중학교,http://www.gang-dong.ms.kr, 공립 , 공학 ,5208," 서울특별시 강동구 풍산로 237 , 강동중학교 (강일동) ",24811503,9,7,7,2,25,264,112,187,81,184,99,635,292,25.4,48,37,40,31,8,6,3,2,32
강동송파,강동구,강명중학교,http://www.gangmyoung.ms.kr, 공립 , 공학 ,5285," 서울특별시 강동구 상일로12길 56 (강일동, 강명중학교) ",24403200,7,7,7,1,22,177,83,144,69,176,80,497,232,22.6,44,31,37,25,7,6,4,1,32
강동송파,강동구,강일중학교,http://www.kangil.ms.kr, 공립 , 공학 ,5236, 서울특별시 강동구 고덕로27길 12 (암사동414-17) ,24414651,7,7,7,1,22,207,84,189,90,193,85,589,259,26.8,44,34,37,29,7,5,2,2,41
강동송파,송파구,거원중학교,http://www.geowon.ms.kr, 공립 , 공학 ,5789," 서울특별시 송파구 양산로2길 30 (거여동,거원중학교) ",24054205,6,6,7, - ,19,126,61,134,67,174,85,434,213,22.8,41,34,36,29,5,5,4,3,28
강동송파,강동구,고덕중학교,http://www.godeok.ms.kr, 공립 , 공학 ,5225, 서울특별시 강동구 동남로82길 94 (고덕동) ,220456000,6,6,6, - ,18,68,44,71,45,104,69,243,158,13.5,38,30,32,27,6,3,3, - ,48
강동송파,강동구,둔촌중학교,http://doonchon.ms.kr, 공립 , 공학 ,5367, 서울특별시 강동구 진황도로61길 25-30 (둔촌동) ,24743981,6,6,6,1,19,114,63,104,39,131,63,349,165,18.4,37,26,32,22,5,4,3, - ,37
강동송파,강동구,명일중학교,http://www.myungil.ms.kr, 공립 , 공학 ,5230," 서울특별시 강동구 양재대로156길 57 (고덕동,명일중학교) ",7051025713,10,10,10,2,32,321,153,291,137,294,143,906,433,28.3,61,50,54,44,7,6,3,2,44
강동송파,송파구,문정중학교,http://www.munjeong.ms.kr, 공립 , 공학 ,5797," 서울특별시 송파구 문정로 73 (문정동, 문정중학교) ",24486348,8,8,8,1,25,182,83,183,99,211,98,576,280,23,53,45,41,35,12,10,4,3,39
강동송파,송파구,문현중학교,http://www.munhyeon.ms.kr/, 공립 , 공학 ,5811," 서울특별시 송파구 충민로 99 , 문현중학교 (장지동) ",24074095,8,8,9,1,26,215,90,192,95,230,123,637,308,24.5,53,41,44,36,9,5,3,3,34
강동송파,송파구,방산중학교,http://www.bangsan.ms.kr, 공립 , 공학 ,5645," 서울특별시 송파구 오금로29길 31 (방이동, 방산중학교) ",220462600,6,6,6,1,19,163,84,143,72,159,88,465,244,24.5,38,31,31,25,7,6,3,2,35
강동송파,송파구,방이중학교,http://www.bangi.ms.kr, 공립 , 공학 ,5546," 서울특별시 송파구 오금로11길 64 (방이동,방이중학교) ",221527111,6,6,6,1,19,139,62,143,50,127,47,409,159,21.5,38,31,33,28,5,3,3,3,38
강동송파,송파구,서울체육중학교,http://www.cheyuk.ms.kr/, 공립 , 공학 ,5541," 서울특별시 송파구 강동대로 232 ,서울체육중학교 (방이동) ",221409943,2,2,2, - ,6,54,15,48,18,49,20,151,53,25.2,16,6,13,5,3,1, - , - ,12
강동송파,송파구,석촌중학교,http://www.seokchon.ms.kr, 공립 , 공학 ,5706, 서울특별시 송파구 송이로15길 13 (가락동) ,24484031,6,6,6, - ,18,122,70,136,59,155,62,413,191,22.9,35,26,32,25,3,1,3,3,37
강동송파,강동구,성내중학교,http://www.seongnae.ms.kr, 공립 , 공학 ,5396," 서울특별시 강동구 성안로7길 36 (성내동,성내중학교) ",24706453,7,7,8,1,23,178,101,183,102,228,135,589,338,25.6,48,35,40,31,8,4,4,3,41
강동송파,송파구,세륜중학교,http://www.seryun.ms.kr, 공립 , 공학 ,5654," 서울특별시 송파구 양재대로72길 41 (오금동,세륜중학교) ",24311102,7,7,6, - ,20,171,92,141,84,154,99,466,275,23.3,40,32,35,29,5,3,4,2,34
강동송파,송파구,송례중학교,http://www.songrye.ms.kr, 공립 , 공학 ,5853, 서울특별시 송파구 위례순환로 429 (장지동) ,221442800,13,13,12,1,39,334,181,311,154,298,160,943,495,24.2,76,60,64,51,12,9,4,2,63
강동송파,송파구,송파중학교,http://www.songpa.ms.kr, 공립 , 공학 ,5823," 서울특별시 송파구 동남로 203 (가락동, 송파중학교) ",24020118,13,11,12,2,38,333,180,310,154,365,187,"1,008",521,26.5,75,65,61,53,14,12,4,2,46
강동송파,강동구,신명중학교,http://www.sinmyung.ms.kr, 공립 , 공학 ,5300, 서울특별시 강동구 명일로24길 25 (길동) ,269696400,8,8,9, - ,25,188,94,175,86,207,84,570,264,22.8,46,31,44,30,2,1,4,3,42
강동송파,강동구,신암중학교,http://www.sinam.ms.kr, 공립 , 공학 ,5238," 서울특별시 강동구 고덕로 65 , 신암중학교 (암사동) ",24416751,8,8,7,1,24,202,105,192,86,186,95,580,286,24.2,50,40,43,34,7,6,4,3,43
강동송파,송파구,신천중학교,http://www.scm.ms.kr, 공립 , 공학 ,5501," 서울특별시 송파구 백제고분로 11 (잠실동, 신천중학교) ",24223946,12,12,12,1,37,420,140,415,162,419,145,"1,254",447,33.9,73,57,58,47,15,10,3,2,45
강동송파,송파구,아주중학교,http://aju.ms.kr, 공립 , 공학 ,5572," 서울특별시 송파구 올림픽로4길 69 , 아주중학교 (잠실동) ",24151696,7,8,8, - ,23,158,61,166,65,209,74,533,200,23.2,47,31,40,26,7,5,3,1,40
강동송파,송파구,오금중학교,http://www.ogeum.ms.kr, 공립 , 공학 ,5660," 서울특별시 송파구 오금로35길 20 (오금동,오금중학교) ",24024778,6,6,7, - ,19,136,79,162,105,176,115,474,299,24.9,39,29,34,28,5,1,2,2,35
강동송파,송파구,오륜중학교,http://www.oryun.ms.kr, 공립 , 공학 ,5649," 서울특별시 송파구 양재대로 1242 (방이동,오륜중학교) ",234344110,7,7,7, - ,21,177,144,178,145,168,131,523,420,24.9,44,38,37,32,7,6,5,4,44
강동송파,송파구,오주중학교,http://www.oju.ms.kr, 공립 , 공학 ,5728," 서울특별시 송파구 동남로 281 (오금동, 오주중학교) ",234347500,6,6,7,2,21,147,100,150,83,176,112,473,295,22.5,43,38,35,30,8,8,5,3,39
강동송파,송파구,잠신중학교,http://jamsin.ms.kr, 공립 , 공학 ,5502," 서울특별시 송파구 잠실로 12 , 잠신중학교 (잠실동) ",222511234,12,11,12,1,36,422,166,361,146,400,162,"1,183",474,32.9,71,54,57,46,14,8,3,2,50
강동송파,송파구,잠실중학교,http://jamsil.ms.kr, 공립 , 공학 ,5504, 서울특별시 송파구 올림픽로35길 130 (신천동) ,24180586,13,12,12, - ,37,409,176,330,169,397,176,"1,136",521,30.7,73,56,59,47,14,9,3, - ,48
강동송파,강동구,천일중학교,http://www.cheonil.ms.kr, 공립 , 공학 ,5323," 서울특별시 강동구 천중로 57 , 천일중학교 (천호동) ",24751806,7,7,8,2,24,174,95,162,84,205,99,541,278,22.5,45,32,41,29,4,3,5,2,30
강동송파,강동구,천호중학교,http://www.cheonho.ms.kr, 공립 , 공학 ,5308, 서울특별시 강동구 상암로 153 (천호동) ,24707075,6,6,8,1,21,142,44,153,55,202,73,497,172,23.7,49,36,38,27,11,9,3, - ,38
강동송파,송파구,풍납중학교,http://www.pungnap.ms.kr, 공립 , 공학 ,5506, 서울특별시 송파구 올림픽로43길 20 (풍납동) ,222252000,5,6,6,2,19,113,44,135,43,131,42,379,129,19.9,40,32,36,29,4,3,3,2,38
강동송파,송파구,풍성중학교,http://www.pungsung.ms.kr, 공립 , 공학 ,5506," 서울특별시 송파구 강동대로2길 27 (풍납동, 풍성중학교) ",222247700,6,6,6, - ,18,119,51,143,62,145,48,407,161,22.6,38,31,32,27,6,4,2,1,40
강동송파,강동구,한산중학교,http://urihansan.ms.kr, 공립 , 공학 ,5371," 서울특별시 강동구 풍성로 251 (둔촌동, 한산중학교) ",24744903,5,6,6,1,18,85,34,99,46,145,87,329,167,18.3,45,39,36,30,9,9,4,1,32
강동송파,송파구,해누리중학교,http://haenuri.ms.kr, 공립 , 공학 ,5698," 서울특별시 송파구 송파대로37길 95 , 해누리중학교 (가락동) ",24031994,8,8,6,1,23,180,108,85,47,60,29,325,184,14.1,45,39,39,33,6,6,7,5,65
강동송파,강동구,동북중학교,http://www.dongbuk.ms.kr, 사립 , 남자 ,5412, 서울특별시 강동구 강동대로 305 (둔촌동) ,24772280,10,10,10, - ,30,91, - ,108, - ,156, - ,355, - ,11.8,64,27,44,18,20,9,5,1,37
강동송파,강동구,동신중학교,http://www.dong-shin.ms.kr, 사립 , 공학 ,5339," 서울특별시 강동구 진황도로 72 , 동신중학교 (천호동) ",237843938,8,8,8, - ,24,167,73,177,87,169,88,513,248,21.4,48,31,42,25,6,6,4,2,32
강동송파,송파구,배명중학교,http://bm.ms.kr/, 사립 , 남자 ,5598," 서울특별시 송파구 삼학사로 11 (삼전동,배명중고등학교) ",7040142591,8,8,8, - ,24,186, - ,186, - ,191, - ,563, - ,23.5,47,19,34,9,13,10,4, - ,28
강동송파,강동구,배재중학교,http://www.pcms.kr, 사립 , 남자 ,5234," 서울특별시 강동구 고덕로 227 (고덕동, 배재중학교) ",24411670,9,9,9, - ,27,293, - ,267, - ,266, - ,826, - ,30.6,51,17,48,15,3,2,4,1,37
강동송파,송파구,보성중학교,http://posung.ms.kr/, 사립 , 남자 ,5649," 서울특별시 송파구 양재대로 1278 (방이동,보성중고등학교) ",221522552,8,8,8, - ,24,136, - ,140, - ,162, - ,438, - ,18.3,44,9,34,4,10,5,4, - ,31
강동송파,송파구,보인중학교,http://boin.ms.kr, 사립 , 남자 ,5742," 서울특별시 송파구 오금로49길 18 , 보인중학교 (오금동) ",24496017,8,8,8, - ,24,177, - ,158, - ,192, - ,527, - ,22,44,21,36,15,8,6,4, - ,35
강동송파,강동구,상일여자중학교,http://www.sangil.ms.kr, 사립 , 여자 ,5282," 서울특별시 강동구 천호대로219길 61 (상일동, 상일여자중학교) ",24280735,6,6,6, - ,18,34,34,27,27,48,48,109,109,6.1,34,22,24,15,10,7,3,1,24
강동송파,강동구,성덕여자중학교,http://www.sd.ms.kr, 사립 , 여자 ,5306," 서울특별시 강동구 구천면로 396 , 성덕여자중학교 (천호동) ",220455001,8,8,8, - ,24,180,180,177,177,188,188,545,545,22.7,46,33,34,24,12,9,4, - ,34
강동송파,송파구,영파여자중학교,http://www.youngpa.ms.kr, 사립 , 여자 ,5529," 서울특별시 송파구 올림픽로 565 , 영파여자중학교 (풍납동) ",24707876,7,7,7, - ,21,115,115,106,106,122,122,343,343,16.3,42,34,27,21,15,13,4,3,26
강동송파,송파구,일신여자중학교,http://www.ilsin.ms.kr, 사립 , 여자 ,5676," 서울특별시 송파구 송파대로38길 8 (송파동,일신여자중학교) ",221408134,8,8,8, - ,24,132,132,130,130,159,159,421,421,17.5,42,14,31,9,11,5,4,1,37
강동송파,송파구,정신여자중학교,http://www.chungshin.net, 사립 , 여자 ,5571," 서울특별시 송파구 올림픽로4길 16 , 정신여자중학교 (잠실동) ",24210748,12,13,13, - ,38,318,318,305,305,325,325,948,948,24.9,69,42,62,36,7,6,5,1,39
강동송파,강동구,한영중학교,http://www.hanyoung.ms.kr, 사립 , 공학 ,5279," 서울특별시 강동구 동남로 832 (상일동,한영중학교) ",269541229,8,8,8, - ,24,226,117,221,103,227,110,674,330,28.1,45,25,32,20,13,5,4,2,32
강서양천,양천구,강신중학교,http://www.kangsin.ms.kr, 공립 , 공학 ,8047," 서울특별시 양천구 남부순환로 604 (신월동,강신중학교) ",226949623,10,11,11,1,33,258,123,242,120,270,136,770,379,23.3,62,49,56,45,6,4,4,4,45
강서양천,강서구,경서중학교,http://gyeongseo.ms.kr/, 공립 , 공학 ,7533, 서울특별시 강서구 양천로59길 31 (가양동) ,226680304,4,4,4, - ,12,51,25,67,28,53,25,171,78,14.3,26,16,25,15,1,1,3, - ,36
강서양천,강서구,공진중학교,http://www.kongjin.ms.kr, 공립 , 공학 ,7527," 서울특별시 강서구 양천로55길 56 (가양동,공진중학교) ",236658673, - , - ,4,1,5, - , - , - , - ,47,27,47,27,9.4,25,17,22,15,3,2,4,1,35
강서양천,강서구,공항중학교,http://gonghang.ms.kr, 공립 , 공학 ,7618," 서울특별시 강서구 방화대로 241 (공항동,공항중학교) ",226620471,7,7,8,2,24,161,71,165,89,207,103,533,263,22.2,48,34,40,29,8,5,4,1,47
강서양천,양천구,금옥중학교,http://geumok.ms.kr/, 공립 , 공학 ,8080," 서울특별시 양천구 신정로 213 , 금옥중학교 (신정동) ",226961202,11,10,11, - ,32,260,131,238,120,257,115,755,366,23.6,66,54,57,46,9,8,4,3,47
강서양천,강서구,등명중학교,http://www.deungmyoung.ms.kr, 공립 , 공학 ,7585," 서울특별시 강서구 공항대로39길 39 (등촌동,등명중학교) ",226582727,9,8,8, - ,25,234,126,214,117,231,123,679,366,27.2,49,36,47,34,2,2,3,2,36
강서양천,강서구,등원중학교,http://www.deungwon.ms.kr, 공립 , 공학 ,7576," 서울특별시 강서구 화곡로65길 50 , 등원중학교 (등촌동) ",226582707,6,6,7,2,21,111,77,96,77,190,123,397,277,18.9,42,27,37,24,5,3,2, - ,39
강서양천,강서구,마곡중학교,http://www.magok.ms.kr, 공립 , 공학 ,7598, 서울특별시 강서구 마곡중앙5로 58 (마곡동) ,226668502,8,8,7,1,24,197,106,202,110,178,85,577,301,24,50,40,43,33,7,7,4,3,29
강서양천,양천구,목동중학교,http://www.mokdong.ms.kr, 공립 , 공학 ,8010," 서울특별시 양천구 목동동로 172 (신정동,목동중학교) ",226431103,15,15,16,2,48,431,209,456,213,481,229,"1,368",651,28.5,89,70,77,59,12,11,5,3,58
강서양천,양천구,목운중학교,http://www.mogun.ms.kr, 공립 , 공학 ,7996," 서울특별시 양천구 목동동로 235 (목동,목운초.중학교) ",226514060,15,15,15,1,46,433,197,466,215,443,220,"1,342",632,29.2,89,67,78,59,11,8,5,4,69
강서양천,양천구,목일중학교,http://www.mokil.ms.kr, 공립 , 공학 ,8018," 서울특별시 양천구 목동동로8길 70 (신정동,목일중학교) ",226460553,15,14,14, - ,43,378,136,407,155,420,164,"1,205",455,28,88,76,73,61,15,15,3, - ,52
강서양천,강서구,방원중학교,http://bangwon.ms.kr, 공립 , 공학 ,7515," 서울특별시 강서구 금낭화로 268 , 방원중학교 (방화동,방원중학교) ",226666014,5,6,5,1,17,112,51,121,61,122,56,355,168,20.9,36,25,30,20,6,5,3,2,27
강서양천,강서구,방화중학교,http://www.banghwa.ms.kr, 공립 , 공학 ,7621, 서울특별시 강서구 개화동로27길 9 (방화동) ,226624452,6,6,6, - ,18,112,49,133,58,141,72,386,179,21.4,38,28,33,23,5,5,2,1,38
강서양천,강서구,백석중학교,http://www.baekseok.ms.kr, 공립 , 공학 ,7669," 서울특별시 강서구 등촌로51나길 35 (등촌동,백석중학교) ",226442886,9,10,11,1,31,205,58,187,65,212,69,604,192,19.5,58,43,53,41,5,2,2,2,54
강서양천,강서구,삼정중학교,http://samjeong.ms.kr, 공립 , 공학 ,7508," 서울특별시 강서구 금낭화로 210 (방화동,삼정중학교) ",226666033,5,5,5, - ,15,114,69,116,55,120,49,350,173,23.3,33,21,29,18,4,3,3,1,27
강서양천,강서구,성재중학교,http://www.sungjae.ms.kr, 공립 , 공학 ,7529," 서울특별시 강서구 허준로 36 (가양동,성재중학교) ",226589853,6,6,6,1,19,138,59,132,61,118,57,388,177,20.4,41,26,35,23,6,3,3, - ,29
강서양천,강서구,송정중학교,http://www.songjeong.ms.kr, 공립 , 공학 ,7628," 서울특별시 강서구 남부순환로 121 (공항동,송정중학교) ",226610478,6,6,7, - ,19,146,78,145,68,164,75,455,221,23.9,36,24,32,20,4,4,4,1,44
강서양천,강서구,수명중학교,http://sumyeong.ms.kr, 공립 , 공학 ,7642," 서울특별시 강서구 수명로2길 16 (내발산동,수명중학교) ",267381200,7,7,7,1,22,214,94,199,102,201,83,614,279,27.9,45,32,39,26,6,6,3,2,30
강서양천,양천구,신남중학교,http://www.shinnam.ms.kr, 공립 , 공학 ,8061," 서울특별시 양천구 중앙로29길 109 (신월동,신남중학교) ",226027353,9,8,9, - ,26,210,121,181,86,208,100,599,307,23,52,40,44,34,8,6,2,2,38
강서양천,양천구,신목중학교,http://www.shinmok.ms.kr, 공립 , 공학 ,7981," 서울특별시 양천구 목동중앙로 88 (목동,신목중학교) ",226482142,16,16,16, - ,48,448,235,467,251,508,269,"1,423",755,29.6,95,74,79,63,16,11,3,2,58
강서양천,양천구,신서중학교,http://www.sinseo.ms.kr, 공립 , 공학 ,8091," 서울특별시 양천구 중앙로 206 (신정동,신서중학교) ",226548011,15,14,14,2,45,376,140,379,130,418,157,"1,173",427,26.1,88,72,75,59,13,13,3,1,58
강서양천,양천구,신원중학교,http://www.shinwon.ms.kr, 공립 , 공학 ,7909," 서울특별시 양천구 가로공원로55길 19 (신월동,신원중학교) ",226990183,5,5,5,2,17,90,37,99,42,111,55,300,134,17.6,34,28,31,25,3,3,2, - ,30
강서양천,양천구,신월중학교,http://www.ssinwol.ms.kr, 공립 , 공학 ,7902," 서울특별시 양천구 남부순환로29길 25 , 신월중학교 (신월동) ",226014254,10,10,10,2,32,196,114,197,113,224,117,617,344,19.3,64,43,52,36,12,7,4,3,46
강서양천,양천구,신화중학교,http://www.shinhwa.ms.kr, 공립 , 공학 ,7902," 서울특별시 양천구 남부순환로29길 35 , 신화중학교 (신월동) ",232192900,9,11,11,1,32,208,97,197,86,210,121,615,304,19.2,63,43,55,40,8,3,3,3,45
강서양천,양천구,양강중학교,http://www.yangkang.ms.kr, 공립 , 공학 ,7935, 서울특별시 양천구 중앙로 319 (신월동) ,226910869,12,12,12,2,38,321,168,279,124,338,152,938,444,24.7,69,51,63,46,6,5,3,2,54
강서양천,양천구,양동중학교,http://www.yangdong.ms.kr, 공립 , 공학 ,7947," 서울특별시 양천구 목동중앙북로 49 (목동,양동중학교) ",226483638,10,11,11,2,34,242,120,233,117,295,139,770,376,22.6,65,50,59,44,6,6,4,4,54
강서양천,양천구,양서중학교,http://www.yangseo.ms.kr, 공립 , 공학 ,7912," 서울특별시 양천구 남부순환로 380 (신월동,양서중학교) ",262738109,7,7,6, - ,20,129,50,141,71,153,68,423,189,21.2,43,33,35,27,8,6,4,4,31
강서양천,양천구,양천중학교,http://www.yangcheon.ms.kr, 공립 , 공학 ,8037," 서울특별시 양천구 지양로7길 32 (신월동,양천중학교) ",226942715,9,9,10, - ,28,217,106,203,94,233,106,653,306,23.3,57,39,47,31,10,8,2,2,46
강서양천,강서구,염경중학교,http://www.ymgng.ms.kr, 공립 , 공학 ,7535," 서울특별시 강서구 양천로69길 35 (염창동,염경중학교) ",236616252,8,8,8,1,25,192,93,209,112,192,94,593,299,23.7,52,41,46,36,6,5,3,2,39
강서양천,강서구,염창중학교,http://www.yumchang.ms.kr, 공립 , 공학 ,7536," 서울특별시 강서구 양천로67가길 83 (염창동,염창중학교) ",236642885,11,11,11, - ,33,280,162,278,137,280,128,838,427,25.4,65,51,59,47,6,4,2,1,46
강서양천,양천구,월촌중학교,http://www.wolchonnet.ms.kr, 공립 , 공학 ,7984," 서울특별시 양천구 목동서로 31 (목동,서울월촌중학교) ",226488570,16,16,16, - ,48,485,303,460,264,469,292,"1,414",859,29.5,95,80,80,65,15,15,4,1,56
강서양천,강서구,화원중학교,http://www.shwawon.ms.kr, 공립 , 공학 ,7764," 서울특별시 강서구 강서로17나길 86 (화곡동,화원중학교) ",28112000,8,8,8, - ,24,186,86,167,69,205,87,558,242,23.3,52,35,43,28,9,7,4,2,35
강서양천,강서구,덕원중학교,http://WWW.deokwon.ms.kr, 사립 , 공학 ,7640, 서울특별시 강서구 강서로45길 91-44 (내발산동) ,226607981,8,8,8, - ,24,247,126,247,125,256,128,750,379,31.3,44,31,30,21,14,10,4,3,34
강서양천,강서구,등촌중학교,http://www.deungchon.ms.kr, 사립 , 공학 ,7664," 서울특별시 강서구 공항대로 484-12 (등촌동,등촌중학교) ",7070058007,6,6,6, - ,18,119,62,125,63,136,82,380,207,21.1,35,19,29,14,6,5,4,2,24
강서양천,강서구,마포중학교,http://mapo.ms.kr, 사립 , 남자 ,7576, 서울특별시 강서구 화곡로 403 (등촌동) ,236632591,7,7,7, - ,21,158, - ,118, - ,165, - ,441, - ,21,39,18,29,10,10,8,4,2, - 
강서양천,강서구,명덕여자중학교,http://myungduk.ms.kr, 사립 , 여자 ,7633, 서울특별시 강서구 강서로47길 34-10 (내발산동) ,226648812,6,6,6, - ,18,192,192,181,181,190,190,563,563,31.3,35,23,27,20,8,3,4,2,24
강서양천,양천구,봉영여자중학교,http://bongyoung.ms.kr, 사립 , 여자 ,8099, 서울특별시 양천구 목동동로2길 68 (신정동) ,226487123,7,7,7, - ,21,157,157,132,132,157,157,446,446,21.2,39,25,31,18,8,7,3,2,26
강서양천,강서구,신정여자중학교,http://www.shinjeong.ms.kr, 사립 , 여자 ,7736, 서울특별시 강서구 등촌로13아길 20 신정여자중학교 ,226443549,7,7,7, - ,21,142,142,152,152,169,169,463,463,22,39,25,28,18,11,7,3,1,30
강서양천,양천구,양정중학교,http://www.ycsc.ms.kr, 사립 , 남자 ,7985," 서울특별시 양천구 안양천로 1039 (목동, 양정고등학교) ",226497077,6,6,6, - ,18,178, - ,183, - ,191, - ,552, - ,30.7,32,9,30,7,2,2,4, - ,24
강서양천,양천구,영도중학교,http://www.yeongdo21.ms.kr, 사립 , 남자 ,7958," 서울특별시 양천구 목동중앙남로 27 , 영도중학교 (목동,강서고등학교) ",226430243,6,6,6, - ,18,107, - ,119, - ,134, - ,360, - ,20,32,14,26,11,6,3,3, - ,26
강서양천,강서구,화곡중학교,http://www.hwagok.ms.kr, 사립 , 남자 ,7638," 서울특별시 강서구 강서로45길 70 (내발산동,화곡중학교) ",7086446444,6,6,6, - ,18,187, - ,182, - ,184, - ,553, - ,30.7,37,17,29,11,8,6,4,2,23
강남서초,강남구,개원중학교,http://www.gaewon.ms.kr, 공립 , 공학 ,6328," 서울특별시 강남구 영동대로 101 , 개원중학교 (개포동,개원중학교) ",234118321,8,8,8,2,26,164,87,159,74,194,98,517,259,19.9,55,43,44,35,11,8,3,1,52
강남서초,강남구,개포중학교,http://www.gaepo.ms.kr, 공립 , 공학 ,6321," 서울특별시 강남구 선릉로 9 (개포동,개포중학교) ",25711361, - , - , - , - , - , - , - , - , - , - , - , - , - ,-, - , - , - , - , - , - , - , - , - 
강남서초,서초구,경원중학교,http://www.kyongwon.ms.kr, 공립 , 공학 ,6521," 서울특별시 서초구 신반포로33길 39 (잠원동,경원중학교) ",25936578,12,11,11,1,35,353,171,293,143,307,137,953,451,27.2,76,63,59,50,17,13,3,1,43
강남서초,강남구,구룡중학교,http://www.gury.ms.kr, 공립 , 공학 ,6318, 서울특별시 강남구 선릉로 103 (개포동) ,25773708,9,9,8,1,27,177,90,205,95,211,111,593,296,22,57,45,49,38,8,7,4,2,39
강남서초,서초구,내곡중학교,http://www.naegok.ms.kr, 공립 , 공학 ,6799, 서울특별시 서초구 청계산로7길 9-20 (신원동) ,25719532,5,5,2,1,13,84,47,85,42,33,22,202,111,15.5,30,22,28,22,2, - ,4,3,29
강남서초,강남구,대명중학교,http://www.daemyeong.ms.kr, 공립 , 공학 ,6183," 서울특별시 강남구 역삼로87길 26 (대치동, 대명중학교) ",7047880342,10,10,10, - ,30,290,126,315,162,289,105,894,393,29.8,60,48,49,40,11,8,4,3,43
강남서초,강남구,대왕중학교,http://www.daewang.ms.kr, 공립 , 공학 ,6362," 서울특별시 강남구 광평로20길 7 (수서동, 대왕중학교) ",222262646,9,9,9,1,28,295,153,271,140,292,154,858,447,30.6,54,43,47,37,7,6,3,3,37
강남서초,강남구,대청중학교,http://www.daecheong.ms.kr, 공립 , 공학 ,6280," 서울특별시 강남구 양재천로 321 (대치동,대청중학교) ",25538063,11,10,11, - ,32,350,163,320,133,349,165,"1,019",461,31.8,69,58,52,42,17,16,4,2,44
강남서초,강남구,대치중학교,http://www.daechi.ms.kr, 공립 , 공학 ,6299," 서울특별시 강남구 남부순환로378길 39 (도곡동,대치중학교) ",25729781,6,7,7, - ,20,148,44,163,49,171,51,482,144,24.1,44,36,36,29,8,7,5,3,34
강남서초,강남구,도곡중학교,http://www.dogok.ms.kr, 공립 , 공학 ,6273," 서울특별시 강남구 언주로57길 31 (도곡동,도곡중학교) ",234625951,8,7,9,1,25,260,112,214,69,274,112,748,293,29.9,60,51,47,39,13,12,4,2,36
강남서초,서초구,반포중학교,http://www.banpo.ms.kr, 공립 , 남자 ,6502," 서울특별시 서초구 신반포로 67 (반포동,반포중학교) ",25992304,9,9,9, - ,27,226, - ,243, - ,269, - ,738, - ,27.3,62,50,48,40,14,10,4,3,42
강남서초,서초구,방배중학교,http://www.bangbae.ms.kr, 공립 , 공학 ,6589," 서울특별시 서초구 동광로 144 (반포동,방배중학교) ",25321342,7,6,7,1,21,173,47,167,45,201,51,541,143,25.8,42,32,34,27,8,5,3,1,32
강남서초,강남구,봉은중학교,http://www.bongeun.ms.kr/, 공립 , 공학 ,6079," 서울특별시 강남구 영동대로128길 59 (삼성동,봉은중학교) ",25475628,5,5,5, - ,15,105,40,104,53,115,40,324,133,21.6,32,26,28,24,4,2,4,2,25
강남서초,서초구,서운중학교,http://www.seoun.ms.kr, 공립 , 공학 ,6623," 서울특별시 서초구 서운로 115 (서초동,서운중학교) ",234732701,12,11,12, - ,35,325,155,304,139,344,156,973,450,27.8,66,56,56,50,10,6,3,3,51
강남서초,서초구,서일중학교,http://www.seoil.ms.kr, 공립 , 공학 ,6617," 서울특별시 서초구 서운로21길 2 (서초동, 서일중학교) ",234820600,11,11,11,1,34,368,168,321,130,324,159,"1,013",457,29.8,67,51,56,42,11,9,3,3,49
강남서초,서초구,서초중학교,http://www.seocho.ms.kr, 공립 , 공학 ,6670," 서울특별시 서초구 반포대로13길 48 (서초동,서초중학교) ",25830228,9,9,8,1,27,214,77,226,92,204,71,644,240,23.9,59,46,48,39,11,7,3,1,37
강남서초,강남구,세곡중학교,http://www.segok.ms.kr, 공립 , 공학 ,6374," 서울특별시 강남구 자곡로 81 (자곡동, 세곡중학교) ",220402900,11,10,11,2,34,263,126,270,137,270,133,803,396,23.6,66,54,55,44,11,10,4,1,56
강남서초,강남구,수서중학교,http://www.suseo.ms.kr, 공립 , 공학 ,6348," 서울특별시 강남구 광평로59길 57 (수서동, 수서중학교) ",24517094,8,7,7,2,24,167,79,147,75,147,62,461,216,19.2,48,39,40,34,8,5,4,1,41
강남서초,강남구,신구중학교,http://www.shingu.ms.kr, 공립 , 공학 ,6023," 서울특별시 강남구 압구정로36길 17 (신사동,신구중학교) ",25485038,5,6,5, - ,16,103,53,122,58,102,50,327,161,20.4,35,32,28,26,7,6,3,1,35
강남서초,서초구,신동중학교,http://shindong.ms.kr, 공립 , 공학 ,6516," 서울특별시 서초구 나루터로 27 , 신동중학교 (잠원동,신동중학교) ",25946456,9,8,10, - ,27,267,134,241,101,311,152,819,387,30.3,55,44,45,38,10,6,3,1,40
강남서초,서초구,신반포중학교,http://www.shinbanpo.ms.kr, 공립 , 공학 ,6504," 서울특별시 서초구 신반포로19길 26 , 신반포중학교 (반포동,신반포중학교) ",25376731,10,10,11,1,32,206,34,236,64,281,81,723,179,22.6,66,57,51,45,15,12,3, - ,52
강남서초,강남구,신사중학교,http://sinsa.ms.kr, 공립 , 공학 ,6000," 서울특별시 강남구 압구정로 123 (압구정동,신사중학교) ",25411062,5,6,6,1,18,130,59,147,66,146,67,423,192,23.5,42,32,32,25,10,7,2,2,29
강남서초,강남구,압구정중학교,http://www.apgujeong.ms.kr, 공립 , 공학 ,6003," 서울특별시 강남구 압구정로 225 , 압구정중학교 (압구정동,압구정중학교) ",25431393,6,6,6, - ,18,144,83,132,62,146,74,422,219,23.4,39,29,31,22,8,7,2,1,33
강남서초,서초구,언남중학교,http://www.eonnam.ms.kr, 공립 , 공학 ,6780," 서울특별시 서초구 동산로 55 (양재동,언남중학교) ",25773038,7,7,9,1,24,116,57,122,59,207,97,445,213,18.5,51,44,45,39,6,5,4,3,38
강남서초,강남구,언북중학교,http://www.eonbuk.ms.kr, 공립 , 공학 ,6050," 서울특별시 강남구 도산대로38길 27 (논현동,언북중학교) ",25144302,5,5,5,1,16,101,45,88,37,114,58,303,140,18.9,38,30,29,23,9,7,3,2,32
강남서초,강남구,언주중학교,http://www.eonju.ms.kr, 공립 , 공학 ,6093," 서울특별시 강남구 선릉로116길 57 , 언주중학교 ",262070709,10,10,11, - ,31,324,158,294,133,329,156,947,447,30.5,61,48,52,41,9,7,5,2,40
강남서초,강남구,역삼중학교,http://www.yeoksam.ms.kr, 공립 , 공학 ,6219," 서울특별시 강남구 도곡로43길 10 (역삼동,역삼중학교) ",25581501,12,12,11,1,36,399,141,391,136,362,117,"1,152",394,32,71,58,59,48,12,10,3,1,50
강남서초,서초구,영동중학교,http://www.young-dong.ms.kr, 공립 , 공학 ,6765," 서울특별시 서초구 성촌길 14 (우면동, 영동중학교) ",234747386,10,11,11,1,33,296,145,273,135,297,146,866,426,26.2,67,58,55,47,12,11,4,2,44
강남서초,서초구,원촌중학교,http://www.wonchon.ms.kr, 공립 , 공학 ,6544," 서울특별시 서초구 사평대로45길 10 (반포동,원촌중학교) ",234826053,10,10,10,1,31,355,147,285,125,334,169,974,441,31.4,61,55,50,45,11,10,4,3,43
강남서초,서초구,이수중학교,http://www.isu.ms.kr, 공립 , 남자 ,6689," 서울특별시 서초구 방배중앙로3길 32 (방배동, 이수중학교) ",25214651,6,6,8, - ,20,139, - ,130, - ,177, - ,446, - ,22.3,42,32,35,30,7,2,4,2,35
강남서초,강남구,청담중학교,http://www.cheongdam.ms.kr, 공립 , 공학 ,6010," 서울특별시 강남구 압구정로61길 36 (청담동,청담중학교) ",25115151,6,5,6, - ,17,119,64,116,63,143,61,378,188,22.2,41,36,32,28,9,8,2,1,32
강남서초,강남구,단국대학교사범대학부속중학교,http://www.dankook.ms.kr/, 사립 , 남자 ,6278," 서울특별시 강남구 도곡로64길 21 , 단국대학교사범대학부속중학교 (대치동1013) ",221912607,6,6,6, - ,18,204, - ,194, - ,195, - ,593, - ,32.9,35,15,20,7,15,8,3, - ,21
강남서초,서초구,동덕여자중학교,http://www.dongduk.ms.kr, 사립 , 여자 ,6700," 서울특별시 서초구 효령로2길 123-5 , 동덕여자중고등학교 (방배동) ",25865414,7,7,8, - ,22,134,134,121,121,149,149,404,404,18.4,42,25,34,20,8,5,4,1,30
강남서초,서초구,서문여자중학교,http://www.suhmoon.ms.kr, 사립 , 여자 ,6565, 서울특별시 서초구 동광로12길 84 (방배동) ,230153600,8,9,9, - ,26,214,214,193,193,263,263,670,670,25.8,51,26,38,21,13,5,4, - ,39
강남서초,서초구,세화여자중학교,http://www.sewha.ms.kr, 사립 , 여자 ,6548, 서울특별시 서초구 신반포로 56-7 (반포동) ,25948722,9,9,9, - ,27,272,272,266,266,295,295,833,833,30.9,54,33,42,21,12,12,4,3,37
강남서초,강남구,숙명여자중학교,http://sookmyung.ms.kr, 사립 , 여자 ,6277," 서울특별시 강남구 남부순환로 2807 , 숙명여자중학교 (도곡동) ",234625013,9,9,9, - ,27,304,304,297,297,296,296,897,897,33.2,51,37,44,30,7,7,4,1,34
강남서초,강남구,은성중학교,http://www.eunseong.ms.kr, 사립 , 공학 ,6264," 서울특별시 강남구 남부순환로359길 36 (도곡동, 은광여자고등학교, 은성중학교) ",234622005,5,5,5, - ,15,149,85,144,76,142,76,435,237,29,30,20,14,8,16,12,4,3,20
강남서초,강남구,중동중학교,http://www.joongdong.ms.kr, 사립 , 남자 ,6344, 서울특별시 강남구 일원로8길 37 중동중학교 ,7070929300,10,10,10, - ,30,190, - ,185, - ,218, - ,593, - ,19.8,56,31,42,21,14,10,5,1,40
강남서초,강남구,진선여자중학교,http://www.jinseon.ms.kr, 사립 , 여자 ,6213," 서울특별시 강남구 선릉로85길 27 (역삼동, 진선여자중학교) ",25663103,10,10,10, - ,30,327,327,316,316,322,322,965,965,32.2,61,38,46,25,15,13,4,1,52
강남서초,강남구,휘문중학교,http://www.whimoon.ms.kr, 사립 , 남자 ,6183, 서울특별시 강남구 역삼로 541 (대치동) ,25009700,8,8,8, - ,24,268, - ,262, - ,252, - ,782, - ,32.6,45,11,38,7,7,4,4,2,32
동작관악,동작구,강남중학교,http://www.kangnam.ms.kr, 공립 , 공학 ,6955," 서울특별시 동작구 대방동15길 29 (대방동, 강남중학교) ",28145637,6,6,6,2,20,136,51,144,72,147,68,427,191,21.4,37,28,34,25,3,3,2, - ,33
동작관악,동작구,강현중학교,http://www.sganghyeon.ms.kr, 공립 , 공학 ,6953," 서울특별시 동작구 상도로13라길 22 ,강현중학교(상도동) ",28153939,5,5,5,1,16,119,60,131,54,118,53,368,167,23,35,25,29,22,6,3,3,1,31
동작관악,관악구,관악중학교,http://www.gwanak.ms.kr, 공립 , 공학 ,8741," 서울특별시 관악구 남부순환로237길 60 , 관악중학교 (봉천동) ",28891782,5,5,5,1,16,106,38,111,48,125,51,342,137,21.4,37,29,32,25,5,4,4,1,28
동작관악,관악구,구암중학교,http://www.guahm.ms.kr/, 공립 , 공학 ,8723, 서울특별시 관악구 성현로 53 (봉천동) ,28812904,14,14,13,2,43,411,197,399,208,372,179,"1,182",584,27.5,84,67,73,56,11,11,4,1,51
동작관악,동작구,국사봉중학교,http://www.kuksabong.ms.kr, 공립 , 공학 ,7038," 서울특별시 동작구 양녕로20길 20 , 국사봉중학교 (상도동) ",28223615,5,5,5,2,17,108,48,107,45,110,50,325,143,19.1,35,25,33,24,2,1,3, - ,26
동작관악,관악구,난우중학교,http://www.nanwoo.ms.kr, 공립 , 공학 ,8857," 서울특별시 관악구 난곡로16길 32 , 난우중학교 (신림동) ",28644017,7,7,7,2,23,176,104,170,107,181,116,527,327,22.9,48,38,40,31,8,7,5,1,37
동작관악,관악구,남서울중학교,http://namseoul.ms.kr, 공립 , 공학 ,8773," 서울특별시 관악구 남부순환로172길 97 , 남서울중학교 (신림동) ",28559832,5,4,4,2,15,123,63,103,59,99,53,325,175,21.7,31,18,27,15,4,3,2,1,31
동작관악,동작구,남성중학교,http://www.namsung.ms.kr, 공립 , 공학 ,7022," 서울특별시 동작구 남부순환로269길 166 (사당동,남성중학교) ",25207500,4,5,6,1,16,102,41,131,69,140,64,373,174,23.3,33,25,31,23,2,2,4,2,29
동작관악,관악구,당곡중학교,http://www.danggok.ms.kr, 공립 , 공학 ,8711," 서울특별시 관악구 봉천로13길 101 , 당곡중학교 (봉천동) ",28707700,8,7,8,1,24,194,89,179,87,212,105,585,281,24.4,50,38,40,30,10,8,6,1,40
동작관악,동작구,대방중학교,http://www.dbm.ms.kr, 공립 , 공학 ,7064," 서울특별시 동작구 여의대방로10길 24 (신대방동, 대방중학교) ",28312502,10,10,10,1,31,278,169,282,165,289,163,849,497,27.4,63,47,53,39,10,8,3,1,46
동작관악,동작구,동작중학교,http://dongjak.ms.kr, 공립 , 공학 ,6992, 서울특별시 동작구 동작대로39가길 83 (동작동) ,25916595,5,6,5, - ,16,108,37,147,76,116,44,371,157,23.2,33,25,30,24,3,1,5,3,36
동작관악,동작구,문창중학교,http://www.munchang.ms.kr, 공립 , 공학 ,7057, 서울특별시 동작구 여의대방로22나길 40 (신대방동) ,28218587,6,6,6, - ,18,148,75,137,62,170,75,455,212,25.3,36,25,30,22,6,3,3,2,29
동작관악,관악구,미성중학교,http://www.misung.ms.kr, 공립 , 공학 ,8863, 서울특별시 관악구 문성로16길 40 (신림동) ,28600900,6,6,7,1,20,167,109,152,113,179,121,498,343,24.9,40,30,32,25,8,5,2,1,35
동작관악,관악구,봉림중학교,http://www.bongrim.ms.kr, 공립 , 공학 ,8782, 서울특별시 관악구 장군봉길 72 (봉천동) ,28881281,5,4,5,1,15,81,26,85,30,122,43,288,99,19.2,37,32,30,26,7,6,3,1,26
동작관악,관악구,봉원중학교,http://www.bongwon.ms.kr, 공립 , 공학 ,8736," 서울특별시 관악구 관악로24가길 15 , 봉원중학교 (봉천동,봉원중학교) ",28791542,7,7,7,1,22,174,77,184,82,175,90,533,249,24.2,42,35,38,31,4,4,2,1,47
동작관악,동작구,사당중학교,http://www.sadang.ms.kr, 공립 , 공학 ,7003," 서울특별시 동작구 사당로9가길 58 , 사당중학교 (사당동) ",262835601,6,6,7,1,20,164,76,150,76,188,87,502,239,25.1,41,32,36,28,5,4,2,2,30
동작관악,관악구,삼성중학교,http://www.ssamsung.ms.kr, 공립 , 공학 ,8816," 서울특별시 관악구 신림로3가길 39-24 (신림동,삼성중학교) ",28716242,4,4,5,1,14,88,51,97,46,102,50,287,147,20.5,31,22,28,20,3,2,4,1,36
동작관악,동작구,상도중학교,http://www.seoulsangdo.ms.kr, 공립 , 공학 ,7028," 서울특별시 동작구 사당로2가길 72 , 상도중학교 (사당동) ",25808905,7,6,7, - ,20,162,84,144,70,180,94,486,248,24.3,44,35,36,29,8,6,2, - ,29
동작관악,동작구,상현중학교,http://www.sanghyun.ms.kr, 공립 , 공학 ,7028, 서울특별시 동작구 사당로2길 2-19 (상도동) ,28155375,7,7,7,1,22,185,97,181,71,178,99,544,267,24.7,45,33,37,27,8,6,3,1,34
동작관악,관악구,신관중학교,http://www.shingwan.ms.kr, 공립 , 공학 ,8781," 서울특별시 관악구 신림로48길 17-16 , (신림동 신관중학교) ",28856893,4,4,4,1,13,98,50,79,34,97,51,274,135,21.1,29,21,24,18,5,3,2,1,28
동작관악,관악구,신림중학교,http://www.shillim.ms.kr, 공립 , 공학 ,8841," 서울특별시 관악구 신림로 40 (신림동,신림중학교) ",28821929,5,5,5,1,16,98,36,119,45,110,38,327,119,20.4,35,27,31,23,4,4,4,2,32
동작관악,동작구,영등포중학교,http://www.yeongdeungpo.ms.kr, 공립 , 공학 ,6933," 서울특별시 동작구 등용로8길 5 , 영등포중학교 (대방동) ",28156572,4,4,4,1,13,76,30,75,45,98,46,249,121,19.2,34,27,29,22,5,5,4,1,29
동작관악,관악구,인헌중학교,http://inhun.ms.kr, 공립 , 공학 ,8795," 서울특별시 관악구 인헌9길 35 , 인헌중학교 (봉천동) ",28770047,8,7,8, - ,23,196,91,174,80,180,80,550,251,23.9,49,41,43,36,6,5,4,1,50
동작관악,동작구,장승중학교,http://jangseung.ms.kr, 공립 , 공학 ,6963," 서울특별시 동작구 장승배기로10가길 25 , 장승중학교 (상도동) ",28124415,8,8,8,2,26,226,141,210,124,221,129,657,394,25.3,47,37,42,34,5,3,5,3,33
동작관악,관악구,광신중학교,http://www.kwangshin.ms.kr, 사립 , 공학 ,8847," 서울특별시 관악구 광신길 141 , 광신중학교 (신림동) ",28818500,5,5,5, - ,15,95,43,109,45,119,41,323,129,21.5,34,15,25,11,9,4,4, - ,22
동작관악,관악구,남강중학교,http://www.namkang.ms.kr, 사립 , 남자 ,8854," 서울특별시 관악구 난곡로34길 80 (신림동,남강중고등학교) ",28391709,6,6,6, - ,18,117, - ,118, - ,144, - ,379, - ,21.1,34,14,31,12,3,2,4, - ,26
동작관악,동작구,동양중학교,http://www.dongyang.ms.kr, 사립 , 남자 ,6910," 서울특별시 동작구 흑석로9길 94 , 동양중학교  (흑석동) ",28149651,6,6,6, - ,18,124, - ,124, - ,137, - ,385, - ,21.4,35,18,25,13,10,5,4, - ,32
동작관악,관악구,서울문영여자중학교,http://www.moonyoung-gms.seoul.kr, 사립 , 여자 ,8833," 서울특별시 관악구 관악로 85 , 서울문영여자중학교 (봉천동) ",28718923,4,5,5, - ,14,85,85,110,110,93,93,288,288,20.6,31,21,23,13,8,8,4,2,19
동작관악,동작구,성남중학교,http://www.sungnam.ms.kr, 사립 , 남자 ,6946, 서울특별시 동작구 대방동길 74 (대방동) ,28151332,8,8,8, - ,24,211, - ,203, - ,225, - ,639, - ,26.6,46,13,43,11,3,2,4,2,30
동작관악,관악구,성보중학교,http://www.sungbo.ms.kr, 사립 , 공학 ,8773," 서울특별시 관악구 남부순환로156길 39 , 성보중학교 (신림동,성보중학교) ",28189705,7,8,8, - ,23,188,88,192,95,189,89,569,272,24.7,43,19,31,12,12,7,4,1,35
동작관악,동작구,숭의여자중학교,http://seg.ms.kr, 사립 , 여자 ,6944," 서울특별시 동작구 여의대방로36길 79 , 숭의여자중학교 (대방동) ",28107700,6,6,6, - ,18,158,158,167,167,153,153,478,478,26.6,36,30,24,20,12,10,4,2,30
동작관악,동작구,중앙대학교사범대학부속중학교,http://www.cau.ms.kr, 사립 , 공학 ,6980, 서울특별시 동작구 서달로 124 (흑석동) ,28279103,9,9,9, - ,27,236,154,187,121,223,133,646,408,23.9,51,28,44,23,7,5,4,1,37
성동광진,성동구,경수중학교,http://www.gsu.ms.kr, 공립 , 공학 ,4785, 서울특별시 성동구 뚝섬로13길 14 (성수동2가) ,24640675,5,5,6,2,18,108,50,107,41,131,68,346,159,19.2,37,28,31,25,6,3,2,2,44
성동광진,성동구,경일중학교,http://kyungil.ms.kr, 공립 , 공학 ,4779, 서울특별시 성동구 성수일로 27 (성수동1가) ,24680651,4,5,5, - ,14,76,37,100,54,110,55,286,146,20.4,33,25,27,19,6,6,3,3,4
성동광진,광진구,광남중학교,http://www.gwangnam.ms.kr, 공립 , 공학 ,4973," 서울특별시 광진구 아차산로70길 17-62 , 광남중학교 (광장동) ",24568792,13,13,13, - ,39,363,157,361,175,407,194,"1,131",526,29,72,60,63,53,9,7,2,1,50
성동광진,광진구,광양중학교,http://www.kwangyang.ms.kr, 공립 , 공학 ,5104, 서울특별시 광진구 자양로3길 7 (자양동) ,24526922,7,7,7, - ,21,170,91,151,77,161,75,482,243,23,43,32,38,29,5,3,2, - ,48
성동광진,광진구,광장중학교,http://www.gwangjang.ms.kr, 공립 , 공학 ,4966," 서울특별시 광진구 광장로1길 1 , 광장중학교 (광장동) ",24520745,9,8,10, - ,27,193,88,187,70,228,108,608,266,22.5,57,44,49,37,8,7,5,2,41
성동광진,광진구,광진중학교,http://gwangjin.ms.kr, 공립 , 공학 ,5114," 서울특별시 광진구 뚝섬로64길 45 (자양동,광진중학교) ",24472886,6,5,5,2,18,137,55,100,59,103,41,340,155,18.9,35,25,33,23,2,2,2,2,39
성동광진,성동구,광희중학교,http://www.kwanghee.ms.kr, 공립 , 공학 ,4742," 서울특별시 성동구 독서당로62길 46 , 광희중학교 (응봉동) ",222980251,10,10,10,2,32,265,120,289,143,279,129,833,392,26,56,45,53,42,3,3,5,2,43
성동광진,광진구,구의중학교,http://www.guui.ms.kr, 공립 , 공학 ,5022, 서울특별시 광진구 광나루로30길 80 (화양동) ,24474798,6,7,6,1,20,150,44,142,40,151,49,443,133,22.2,40,32,35,27,5,5,3,1,31
성동광진,성동구,동마중학교,http://www.dongma.ms.kr, 공립 , 공학 ,4759, 서울특별시 성동구 마조로11길 18 (마장동) ,222946085,6,6,6,2,20,150,71,140,67,139,74,429,212,21.5,39,31,34,27,5,4,1,1,33
성동광진,성동구,마장중학교,http://mj.ms.kr, 공립 , 공학 ,4753," 서울특별시 성동구 마장로35나길 31 , 마장중학교 (마장동) ",222822944,6,5,5, - ,16,130,60,117,56,116,50,363,166,22.7,35,29,29,23,6,6,3, - ,42
성동광진,성동구,무학중학교,http://muhakg.ms.kr, 공립 , 공학 ,4716, 서울특별시 성동구 행당로 120 (행당동) ,222986141,10,10,12, - ,32,280,142,253,136,329,174,862,452,26.9,62,50,55,44,7,6,3, - ,46
성동광진,성동구,성수중학교,http://seongsu.ms.kr, 공립 , 공학 ,4768," 서울특별시 성동구 서울숲길 18 (성수동1가, 성수중,고등학교) ",24634993,4,5,5, - ,14,69,30,91,44,101,47,261,121,18.6,31,24,28,22,3,2,2,2,35
성동광진,성동구,성원중학교,http://www.sungwon.ms.kr, 공립 , 공학 ,4775," 서울특별시 성동구 성덕정9가길 13 (성수동2가, 성원중학교) ",234082558,4,4,5,1,14,75,41,77,29,91,42,243,112,17.4,32,21,26,17,6,4,3,1,26
성동광진,광진구,신양중학교,http://shinyang.ms.kr, 공립 , 공학 ,5087," 서울특별시 광진구 자양강변길 73 , 신양중학교 (자양동) ",24611066,5,5,5, - ,15,111,59,88,42,110,74,309,175,20.6,32,24,29,24,3, - ,2,1,30
성동광진,광진구,양진중학교,http://www.yangjin.ms.kr, 공립 , 공학 ,4982," 서울특별시 광진구 워커힐로 32 , 양진중학교 ",220491200,12,11,10,2,35,342,165,336,148,315,156,993,469,28.4,70,56,57,47,13,9,4,2,56
성동광진,성동구,옥정중학교,http://www.okjung.ms.kr, 공립 , 공학 ,4734," 서울특별시 성동구 한림말길 11 , 옥정중학교 (옥수동) ",222974604,8,8,9,2,27,195,103,188,78,212,93,595,274,22,56,46,45,38,11,8,2,1,41
성동광진,광진구,용곡중학교,http://www.yonggok.ms.kr, 공립 , 공학 ,4940," 서울특별시 광진구 용마산로22길 76 (중곡동,용곡중학교) ",24522621,10,10,11, - ,31,211,102,213,110,258,115,682,327,22,63,50,55,45,8,5,2,2,52
성동광진,광진구,자양중학교,http://www.jayang.ms.kr, 공립 , 공학 ,5069," 서울특별시 광진구 뚝섬로41길 33 (자양동,서울자양중학교) ",24460365,10,9,10,2,31,268,143,226,117,289,139,783,399,25.3,61,47,54,41,7,6,2,1,45
성동광진,성동구,행당중학교,http://www.haengdang.ms.kr, 공립 , 공학 ,4764," 서울특별시 성동구 왕십리로 189 (행당동,행당중학교) ",222936721,5,5,5, - ,15,100,49,78,34,126,61,304,144,20.3,33,27,29,24,4,3,3,1,32
성동광진,광진구,건국대학교사범대학부속중학교,http://www.konkuk.ms.kr, 사립 , 공학 ,5025, 서울특별시 광진구 자양로 145-1 건국대학교사범대학부속중학교 ,24570318,8,9,9, - ,26,207,55,214,63,186,45,607,163,23.3,51,22,38,14,13,8,4, - ,33
성동광진,광진구,대원국제중학교,http://daewon.ms.kr, 사립 , 공학 ,4939," 서울특별시 광진구 용마산로22길 26 , 대원국제중학교 (중곡동) ",222041594,5,5,5, - ,15,164,82,167,88,167,90,498,260,33.2,32,18,26,13,6,5,5, - ,25
성동광진,광진구,동국대학교사범대학부속여자중학교,http://www.donggukgirls.ms.kr, 사립 , 여자 ,5038," 서울특별시 광진구 광나루로36길 47 (구의동,동국대학교사범대학부속여자중고등학교) ",269482280,7,7,8, - ,22,172,172,137,137,162,162,471,471,21.4,43,28,33,22,10,6,4,2,34
성동광진,성동구,한양대학교사범대학부속중학교,http://hanyang-u.ms.kr, 사립 , 공학 ,4761," 서울특별시 성동구 마조로 42 (사근동,한양사대부속중·고등학교) ",222003700,8,8,8, - ,24,179,90,153,73,156,80,488,243,20.3,47,34,41,28,6,6,4,1,39
성북강북,성북구,서울대학교사범대학부설중학교,http://www.snu.ms.kr, 국립 , 남자 ,2796, 서울특별시 성북구 월곡로 36 (종암동) ,29435812,8,8,8,1,25,175, - ,222, - ,231, - ,628, - ,25.1,58,31,45,22,13,9,4,1,48
성북강북,강북구,강북중학교,http://www.kangbuk.ms.kr/, 공립 , 공학 ,1051," 서울특별시 강북구 한천로150길 67 (수유동, 강북중학교) ",29994104,5,5,6,2,18,136,74,131,91,141,92,408,257,22.7,33,22,30,21,3,1,2,1,33
성북강북,성북구,개운중학교,http://www.gw.ms.kr, 공립 , 공학 ,2808," 서울특별시 성북구 북악산로 935 (돈암동,개운중학교) ",232915492,8,7,10, - ,25,209,110,188,94,267,129,664,333,26.6,52,43,44,37,8,6,4,2,39
성북강북,성북구,길음중학교,http://www.gireum.ms.kr, 공립 , 공학 ,2723," 서울특별시 성북구 길음로 144 , 635-7 (길음동, 서울길음중학교) ",29108770,9,9,8,1,27,290,152,230,109,240,121,760,382,28.1,57,42,42,32,15,10,4, - ,38
성북강북,강북구,미양중학교,http://www.mi-yang.ms.kr, 공립 , 공학 ,1190," 서울특별시 강북구 인수봉로 39 (미아동,미양중.고등학교) ",29816872,6,6,6,2,20,172,81,160,89,170,94,502,264,25.1,37,27,32,26,5,1,3,1,25
성북강북,강북구,번동중학교,http://www.beondong.ms.kr, 공립 , 공학 ,1137," 서울특별시 강북구 오현로35길 87 (번동,번동중학교) ",29450168,7,6,7,2,22,180,84,150,76,177,91,507,251,23,43,31,36,26,7,5,3, - ,40
성북강북,성북구,북악중학교,http://www.bugak.ms.kr, 공립 , 공학 ,2812," 서울특별시 성북구 정릉로12길 41 (정릉동,북악중학교) ",29102305,6,5,8,1,20,143,66,124,56,203,76,470,198,23.5,40,32,33,25,7,7,5,2,27
성북강북,강북구,삼각산중학교,http://www.samgaksan.ms.kr, 공립 , 공학 ,1198," 서울특별시 강북구 삼양로19길 141 , 삼각산중학교 (미아동) ",29444999,12,11,12, - ,35,343,172,324,154,342,176,"1,009",502,28.8,70,53,58,44,12,9,5,3,45
성북강북,성북구,삼선중학교,http://www.samseon.ms.kr, 공립 , 남자 ,2833," 서울특별시 성북구 동소문로3길 69 (동소문동4가,삼선중학교) ",27421147,6,6,6,2,20,158, - ,159, - ,166, - ,483, - ,24.2,42,32,35,28,7,4,3, - ,34
성북강북,성북구,석관중학교,http://www.seokgwan.ms.kr, 공립 , 공학 ,2782," 서울특별시 성북구 한천로 526 (석관동,석관중학교) ",7050665200,7,7,7,2,23,177,83,165,75,160,88,502,246,21.8,43,33,35,26,8,7,4,2,42
성북강북,강북구,수송중학교,http://soosong.ms.kr, 공립 , 공학 ,1061," 서울특별시 강북구 한천로122길 21 (번동,수송중학교) ",29005791,5,6,7,1,19,115,55,136,56,168,79,419,190,22.1,39,23,33,19,6,4,3,1,28
성북강북,강북구,수유중학교,http://www.suyu.ms.kr, 공립 , 공학 ,1095," 서울특별시 강북구 인수봉로37길 40 (수유동,수유중학교) ",29456102,6,6,6,1,19,151,47,157,52,154,55,462,154,24.3,38,25,34,22,4,3,4, - ,33
성북강북,성북구,숭곡중학교,http://www.soonggok.ms.kr, 공립 , 공학 ,2736," 서울특별시 성북구 종암로 208 , 숭곡중학교 (하월곡동) ",29127571,8,8,8,2,26,221,86,214,102,224,102,659,290,25.3,48,38,44,34,4,4,3,1,36
성북강북,성북구,월곡중학교,http://www.wolgok.ms.kr, 공립 , 공학 ,2773," 서울특별시 성북구 장월로 6 (상월곡동, 월곡중학교) ",264966600,7,7,6,1,21,194,143,182,121,163,94,539,358,25.7,43,31,33,25,10,6,3,1,34
성북강북,강북구,인수중학교,http://www.insu.ms.kr, 공립 , 공학 ,1015," 서울특별시 강북구 인수봉로75길 10 (수유동, 인수중학교) ",29007801,6,6,6,1,19,153,95,148,95,148,98,449,288,23.6,37,30,30,24,7,6,2, - ,32
성북강북,성북구,장위중학교,http://www.jangwi.ms.kr, 공립 , 공학 ,2743," 서울특별시 성북구 장위로4길 70 (장위동,장위중학교) ",29411672,8,9,9, - ,26,225,119,211,112,235,117,671,348,25.8,52,41,44,35,8,6,3, - ,32
성북강북,성북구,종암중학교,http://www.jongam.ms.kr, 공립 , 공학 ,2809," 서울특별시 성북구 종암로5길 80-17 (종암동,종암중학교) ",29287041,7,8,8,2,25,194,126,213,145,222,150,629,421,25.2,52,39,44,32,8,7,3,1,39
성북강북,강북구,화계중학교,http://www.hwagye.ms.kr, 공립 , 공학 ,1095, 서울특별시 강북구 화계사길 63 (수유동) ,29863073,6,5,6,2,19,135,73,123,60,147,77,405,210,21.3,42,34,33,26,9,8,3,1,36
성북강북,성북구,고려대학교사범대학부속중학교,http://www.koryo.ms.kr, 사립 , 공학 ,2708," 서울특별시 성북구 정릉로 161 (정릉동,고려대학교사범대학부속중학교) ",29143368,10,10,10, - ,30,249,124,263,106,287,145,799,375,26.6,59,31,51,25,8,6,5, - ,44
성북강북,성북구,고명중학교,http://www.komyung.ms.kr, 사립 , 남자 ,2828," 서울특별시 성북구 북악산로 870 (돈암동,고명중학교) ",29262837,5,5,5, - ,15,128, - ,122, - ,144, - ,394, - ,26.3,31,23,29,21,2,2,4,2,20
성북강북,성북구,남대문중학교,http://www.namdaemoon.ms.kr, 사립 , 남자 ,2763, 서울특별시 성북구 한천로95길 28 (장위동) ,29423184,8,8,9, - ,25,132, - ,145, - ,129, - ,406, - ,16.2,49,27,39,17,10,10,4,2,34
성북강북,성북구,동구여자중학교,http://www.dong-gu.ms.kr, 사립 , 여자 ,2834," 서울특별시 성북구 성북로8길 71 (성북동,동구여자중학교) ",27621304,6,6,6, - ,18,100,100,133,133,147,147,380,380,21.1,32,21,31,20,1,1,4,1,23
성북강북,강북구,서라벌중학교,http://sorabol.ms.kr, 사립 , 남자 ,1006," 서울특별시 강북구 삼양로155길 37-9 , 서라벌중학교 (우이동) ",7082804654,5,5,5, - ,15,121, - ,117, - ,112, - ,350, - ,23.3,31,17,20,8,11,9,4,2,30
성북강북,성북구,성신여자중학교,http://www.sung-shin.ms.kr, 사립 , 여자 ,2840," 서울특별시 성북구 북악산로 918 , 성신여자중학교 (돈암동) ",29291898,8,8,8, - ,24,205,205,193,193,202,202,600,600,25,48,35,32,22,16,13,4,2,37
성북강북,강북구,성암여자중학교,http://www.seongam.ms.kr, 사립 , 여자 ,1174," 서울특별시 강북구 도봉로29길 52 (미아동, 성암여자중학교) ",221791777,7,7,7, - ,21,160,160,148,148,179,179,487,487,23.2,40,26,30,19,10,7,4,2,32
성북강북,강북구,신일중학교,http://shin-il.ms.kr, 사립 , 남자 ,1133," 서울특별시 강북구 솔매로49길 20 (미아동,신일중고등학교) ",29449818,4,4,4, - ,12,117, - ,87, - ,110, - ,314, - ,26.2,24,5,23,4,1,1,4,2,22
성북강북,강북구,영훈국제중학교,http://www.younghoon.ms.kr, 사립 , 공학 ,1211, 서울특별시 강북구 도봉로13가길 19 (미아동) ,29704701,5,5,5, - ,15,164,100,167,94,165,88,496,282,33.1,31,15,17,7,14,8,5,2,29
성북강북,성북구,용문중학교,http://www.ymoon.ms.kr, 사립 , 남자 ,2843, 서울특별시 성북구 인촌로17가길 46 (안암동2가) ,29262722,4,4,4, - ,12,56, - ,73, - ,88, - ,217, - ,18.1,26,7,23,7,3, - ,4,1,19
성북강북,강북구,창문여자중학교,http://www.changmun.ms.kr, 사립 , 여자 ,1237," 서울특별시 강북구 월계로 61 (송중동, 창문여자중고등학교) ",29861703,5,5,5, - ,15,137,137,119,119,136,136,392,392,26.1,30,19,25,16,5,3,4,1,31
성북강북,성북구,한성여자중학교,http://hansunggm.net/, 사립 , 여자 ,2876," 서울특별시 성북구 삼선교로16길 118 , 한성여자중학교 (삼선동2가) ",27422542,6,7,7, - ,20,149,149,143,143,153,153,445,445,22.3,37,17,26,10,11,7,4,1,33
성북강북,성북구,홍익대학교사범대학부속중학교,http://www.hongik.ms.kr, 사립 , 남자 ,2835," 서울특별시 성북구 성북로14가길 23 , 홍익대학교사범대학부속중학교 (성북동,홍익대학교부속중고등학교) ",27620824,6,6,6, - ,18,121, - ,110, - ,124, - ,355, - ,19.7,35,18,29,13,6,5,4,1,33
